{"type":"FeatureCollection","features":[{"type":"Feature","properties":{"level":1,"name":"Касимовский муниципальный округ","note":"Уровень 1 — исследовательский масштаб","area_ha":299861},"geometry":{"type":"Polygon","coordinates":[[[40.681546,54.796614],[40.682617,54.796568],[40.695172,54.795663],[40.698417,54.795452],[40.700688,54.795248],[40.708688,54.794649],[40.711317,54.794502],[40.713163,54.794381],[40.718978,54.793848],[40.731049,54.792888],[40.733381,54.792791],[40.734287,54.792716],[40.738235,54.792336],[40.741850,54.792085],[40.753061,54.791135],[40.756777,54.790850],[40.760161,54.790559],[40.767508,54.789571],[40.770331,54.789123],[40.775351,54.788434],[40.782898,54.787368],[40.788165,54.786696],[40.789344,54.790734],[40.793530,54.789644],[40.796674,54.788662],[40.797940,54.788235],[40.801009,54.787406],[40.805548,54.786142],[40.808637,54.785341],[40.809936,54.784874],[40.814501,54.783421],[40.819709,54.781860],[40.826059,54.779984],[40.826806,54.779730],[40.828314,54.780017],[40.836514,54.781671],[40.839881,54.782322],[40.845869,54.783529],[40.852042,54.784728],[40.853210,54.784938],[40.856435,54.785799],[40.860268,54.787288],[40.861532,54.787806],[40.871852,54.790096],[40.874817,54.789984],[40.876456,54.790758],[40.876918,54.790952],[40.880585,54.791850],[40.882926,54.792395],[40.884651,54.792784],[40.885104,54.792857],[40.885345,54.793081],[40.885359,54.793218],[40.885320,54.793329],[40.885363,54.793410],[40.885467,54.793493],[40.885752,54.793621],[40.885849,54.793753],[40.885849,54.793850],[40.885783,54.793962],[40.885646,54.794035],[40.885509,54.794063],[40.885235,54.794056],[40.884737,54.793941],[40.884543,54.793917],[40.884427,54.793921],[40.884253,54.793963],[40.884187,54.794028],[40.884206,54.794071],[40.884333,54.794118],[40.884783,54.794134],[40.884911,54.794199],[40.884909,54.794255],[40.884386,54.794383],[40.884094,54.794394],[40.883991,54.794440],[40.883915,54.794522],[40.883891,54.794635],[40.883962,54.795075],[40.883902,54.795192],[40.883750,54.795289],[40.883581,54.795321],[40.883442,54.795293],[40.883383,54.795236],[40.883330,54.795140],[40.883247,54.795096],[40.883132,54.795099],[40.883078,54.795167],[40.883117,54.795285],[40.883226,54.795401],[40.883239,54.795482],[40.88315,54.795552],[40.882988,54.795627],[40.882979,54.795712],[40.883138,54.795771],[40.883435,54.795782],[40.883531,54.795840],[40.883514,54.795923],[40.883402,54.796007],[40.883244,54.796083],[40.883205,54.796158],[40.883274,54.796240],[40.883255,54.796327],[40.883182,54.796395],[40.883020,54.796473],[40.882976,54.796550],[40.882997,54.796632],[40.883133,54.796757],[40.883148,54.796843],[40.883107,54.797026],[40.895331,54.798427],[40.899893,54.798943],[40.901638,54.799127],[40.910485,54.800150],[40.911303,54.800230],[40.911920,54.799552],[40.912905,54.798385],[40.917360,54.792716],[40.918488,54.793371],[40.919786,54.794209],[40.934691,54.803201],[40.939258,54.805872],[40.941219,54.807038],[40.945480,54.809383],[40.946608,54.810063],[40.948920,54.810372],[40.950567,54.810298],[40.952071,54.810204],[40.952281,54.809466],[40.956342,54.809874],[40.956344,54.812499],[40.956487,54.812527],[40.959536,54.812876],[40.960712,54.812978],[40.965384,54.812110],[40.967012,54.811830],[40.973117,54.810730],[40.978923,54.811618],[40.984426,54.812388],[41.000579,54.811693],[41.007361,54.811443],[41.016447,54.807797],[41.019938,54.806414],[41.024184,54.805129],[41.022857,54.803917],[41.020730,54.802438],[41.01927,54.800879],[41.017381,54.799664],[41.016318,54.799012],[41.008983,54.799557],[41.007753,54.799631],[41.003333,54.799954],[40.998157,54.800460],[40.996802,54.800630],[40.990327,54.801105],[40.984919,54.794973],[40.984396,54.794409],[40.983909,54.793804],[40.983353,54.793298],[40.982698,54.790463],[40.986897,54.789724],[40.987138,54.787137],[40.987229,54.785872],[40.987225,54.785128],[40.987391,54.784354],[40.990343,54.784843],[40.991988,54.781706],[40.992528,54.780780],[40.995357,54.780864],[41.000758,54.781101],[41.004454,54.778141],[41.007096,54.778589],[41.008030,54.778790],[41.009198,54.778954],[41.011100,54.779053],[41.013805,54.778969],[41.015202,54.778855],[41.016566,54.778644],[41.017743,54.778319],[41.018831,54.777930],[41.020041,54.777291],[41.021166,54.776632],[41.022138,54.775819],[41.02284,54.775073],[41.023436,54.774242],[41.024110,54.773078],[41.025128,54.770781],[41.026165,54.768605],[41.026691,54.767759],[41.027934,54.766186],[41.028565,54.765250],[41.026939,54.765840],[41.026029,54.765962],[41.026155,54.765772],[41.027648,54.764878],[41.028619,54.764234],[41.029583,54.763703],[41.030189,54.763304],[41.03055,54.762919],[41.031207,54.762563],[41.031834,54.762186],[41.032281,54.762043],[41.032971,54.761986],[41.033397,54.761868],[41.034057,54.761612],[41.034630,54.761469],[41.035274,54.761366],[41.036732,54.761188],[41.037649,54.760999],[41.038447,54.760948],[41.039238,54.760992],[41.039867,54.761162],[41.040520,54.761381],[41.041175,54.761509],[41.042993,54.761746],[41.043941,54.762039],[41.044451,54.762345],[41.045305,54.762986],[41.046017,54.763433],[41.046433,54.763809],[41.046681,54.764234],[41.046733,54.764554],[41.046747,54.765107],[41.047035,54.765510],[41.047807,54.766148],[41.048139,54.766326],[41.048415,54.766719],[41.049840,54.767761],[41.051064,54.768326],[41.051902,54.768953],[41.052381,54.769202],[41.054370,54.770559],[41.054756,54.770903],[41.055133,54.770668],[41.05503,54.770601],[41.055462,54.770327],[41.055568,54.770394],[41.056120,54.770011],[41.060417,54.766749],[41.061297,54.765897],[41.068861,54.759111],[41.071643,54.756498],[41.075597,54.752912],[41.077205,54.751428],[41.079428,54.749437],[41.080666,54.748154],[41.083899,54.745163],[41.084477,54.744661],[41.086055,54.743228],[41.091124,54.738529],[41.091672,54.738032],[41.091875,54.737971],[41.092659,54.738987],[41.092991,54.739740],[41.093179,54.739926],[41.093593,54.740263],[41.094629,54.741462],[41.095058,54.741990],[41.095046,54.742312],[41.095001,54.742481],[41.095004,54.742645],[41.095079,54.742979],[41.095189,54.743965],[41.095341,54.744654],[41.095374,54.745186],[41.095273,54.745844],[41.095184,54.746036],[41.095055,54.746225],[41.094707,54.746526],[41.094365,54.746735],[41.094070,54.746945],[41.093822,54.747181],[41.093600,54.747466],[41.093279,54.748045],[41.093125,54.748403],[41.092882,54.748870],[41.092781,54.749266],[41.092793,54.749447],[41.092954,54.749612],[41.093148,54.749765],[41.093336,54.749978],[41.093710,54.750275],[41.094185,54.750574],[41.094868,54.750917],[41.095329,54.751097],[41.095975,54.75131],[41.096263,54.751377],[41.096778,54.751531],[41.097197,54.751700],[41.097665,54.751955],[41.098041,54.752109],[41.098907,54.752394],[41.099083,54.752411],[41.099239,54.752389],[41.099373,54.752395],[41.099533,54.752448],[41.099831,54.752647],[41.099859,54.752728],[41.099662,54.752733],[41.099471,54.752699],[41.099488,54.752775],[41.100128,54.753066],[41.100980,54.753401],[41.103177,54.754120],[41.104097,54.754634],[41.104408,54.755049],[41.104617,54.755415],[41.104801,54.755839],[41.104712,54.755945],[41.104565,54.756022],[41.104556,54.756116],[41.104663,54.756195],[41.104914,54.756273],[41.104968,54.756354],[41.104977,54.756591],[41.105014,54.756680],[41.105127,54.756797],[41.105237,54.757082],[41.105398,54.757293],[41.105496,54.757370],[41.105567,54.757495],[41.105829,54.757674],[41.106105,54.757766],[41.106276,54.757849],[41.106542,54.758088],[41.106554,54.758406],[41.107286,54.759245],[41.109041,54.760996],[41.112454,54.762786],[41.108321,54.765333],[41.106974,54.764015],[41.106379,54.764251],[41.105048,54.764575],[41.104634,54.764942],[41.104746,54.765124],[41.104613,54.765201],[41.104428,54.765381],[41.104325,54.765655],[41.103932,54.765980],[41.103274,54.766288],[41.103045,54.766331],[41.102705,54.766297],[41.102504,54.766323],[41.102050,54.766538],[41.101786,54.766592],[41.101402,54.766561],[41.100562,54.766673],[41.100209,54.766651],[41.099930,54.766719],[41.099385,54.766989],[41.098381,54.767533],[41.098114,54.767827],[41.097923,54.768159],[41.097930,54.768394],[41.09815,54.768775],[41.098363,54.768955],[41.099065,54.769192],[41.097596,54.770886],[41.100888,54.772059],[41.103128,54.772805],[41.100380,54.782374],[41.100088,54.782336],[41.099638,54.782346],[41.098881,54.782207],[41.098887,54.782302],[41.099402,54.782436],[41.099549,54.782526],[41.099536,54.782607],[41.099172,54.782714],[41.097992,54.782744],[41.097866,54.782783],[41.097615,54.782794],[41.097603,54.782879],[41.097767,54.782932],[41.098022,54.782952],[41.098179,54.783097],[41.098348,54.783176],[41.098829,54.783184],[41.099003,54.783277],[41.099521,54.783336],[41.099787,54.783336],[41.099981,54.783379],[41.100017,54.783484],[41.099981,54.783584],[41.100045,54.783696],[41.082407,54.784684],[41.081415,54.785524],[41.080422,54.786469],[41.078714,54.788396],[41.078001,54.789008],[41.077830,54.789236],[41.077720,54.789772],[41.077764,54.791218],[41.077986,54.792492],[41.078426,54.793807],[41.078752,54.795215],[41.078836,54.795412],[41.079564,54.796881],[41.081876,54.797990],[41.081151,54.798996],[41.080839,54.799564],[41.080744,54.799832],[41.080727,54.800265],[41.080821,54.800559],[41.081024,54.800828],[41.081544,54.801152],[41.082288,54.801528],[41.083629,54.801491],[41.084052,54.801462],[41.084904,54.801545],[41.085171,54.801533],[41.085845,54.801638],[41.086577,54.801642],[41.088089,54.801819],[41.089479,54.802492],[41.090564,54.803174],[41.091217,54.803538],[41.091837,54.803694],[41.092678,54.803965],[41.093439,54.804311],[41.094564,54.804871],[41.095181,54.805271],[41.095659,54.805721],[41.096003,54.806158],[41.096176,54.806683],[41.096799,54.807706],[41.097336,54.808683],[41.097613,54.809465],[41.097477,54.810570],[41.096952,54.811095],[41.096110,54.811838],[41.094921,54.813047],[41.094273,54.813575],[41.094046,54.813856],[41.093852,54.814237],[41.093695,54.814640],[41.093679,54.814885],[41.093772,54.815198],[41.093997,54.815507],[41.094369,54.815857],[41.094851,54.816157],[41.095406,54.816426],[41.096187,54.816719],[41.097231,54.817032],[41.098099,54.817237],[41.098948,54.817378],[41.099723,54.817440],[41.100561,54.817462],[41.101146,54.817427],[41.104040,54.817157],[41.104948,54.816989],[41.105741,54.816807],[41.106453,54.816562],[41.107288,54.816192],[41.107878,54.815868],[41.108168,54.815655],[41.108886,54.815236],[41.110047,54.814481],[41.110597,54.814010],[41.111383,54.813483],[41.112394,54.812878],[41.112822,54.812673],[41.113625,54.812377],[41.114217,54.812205],[41.114839,54.812064],[41.116671,54.811814],[41.117322,54.811685],[41.118677,54.811356],[41.120006,54.811100],[41.120471,54.811048],[41.120991,54.811010],[41.121761,54.811030],[41.122870,54.811005],[41.123303,54.811030],[41.123637,54.811076],[41.123923,54.811142],[41.125437,54.811997],[41.126424,54.812925],[41.126822,54.813805],[41.126333,54.815596],[41.125101,54.821182],[41.124637,54.824067],[41.123849,54.826419],[41.116014,54.836890],[41.111531,54.843379],[41.105847,54.851920],[41.108486,54.852081],[41.108799,54.852175],[41.109127,54.852327],[41.109668,54.852700],[41.109944,54.852785],[41.111042,54.852907],[41.112076,54.853002],[41.113265,54.853170],[41.114062,54.853266],[41.115253,54.853269],[41.115730,54.853314],[41.116236,54.853410],[41.116947,54.853609],[41.118407,54.853862],[41.119075,54.854009],[41.119493,54.854133],[41.119995,54.854382],[41.120330,54.854577],[41.120583,54.854811],[41.121435,54.855767],[41.121709,54.855937],[41.122229,54.856219],[41.122488,54.856468],[41.122747,54.857021],[41.129905,54.857105],[41.145512,54.855099],[41.146374,54.854559],[41.148839,54.852885],[41.147472,54.850106],[41.146882,54.850447],[41.145206,54.850890],[41.143982,54.851143],[41.142555,54.851877],[41.141369,54.852284],[41.140170,54.852480],[41.136290,54.852744],[41.132961,54.852604],[41.132021,54.852812],[41.131657,54.852908],[41.128719,54.852429],[41.127736,54.851935],[41.130053,54.850424],[41.133987,54.847693],[41.141375,54.842906],[41.142793,54.842122],[41.144767,54.840362],[41.149673,54.835899],[41.152842,54.833121],[41.167423,54.828686],[41.171416,54.827372],[41.175932,54.828021],[41.181963,54.828911],[41.187924,54.829739],[41.191906,54.830546],[41.195020,54.828645],[41.198028,54.826875],[41.198904,54.824784],[41.200907,54.823836],[41.202221,54.823169],[41.204437,54.822181],[41.205448,54.821751],[41.206423,54.821997],[41.208750,54.821489],[41.208538,54.821421],[41.207731,54.821282],[41.209195,54.817997],[41.209162,54.816750],[41.207825,54.815187],[41.205378,54.812845],[41.205310,54.811228],[41.205018,54.810531],[41.20451,54.809552],[41.204179,54.808814],[41.210364,54.808275],[41.212632,54.808757],[41.214025,54.809866],[41.214766,54.809703],[41.214939,54.809258],[41.215443,54.808192],[41.218970,54.807253],[41.223282,54.806001],[41.223370,54.805447],[41.222995,54.804817],[41.228078,54.803594],[41.231241,54.802857],[41.237937,54.801199],[41.240315,54.801537],[41.242560,54.801907],[41.242672,54.799995],[41.242557,54.796201],[41.242603,54.795560],[41.242653,54.792094],[41.242656,54.788495],[41.242601,54.788139],[41.242960,54.779917],[41.242925,54.773608],[41.242980,54.770284],[41.243292,54.760662],[41.243275,54.759275],[41.243123,54.758013],[41.241319,54.751121],[41.240505,54.748534],[41.239720,54.745082],[41.237838,54.737982],[41.237219,54.735299],[41.236748,54.732719],[41.236366,54.726658],[41.236413,54.725108],[41.236352,54.723637],[41.236006,54.717502],[41.237041,54.717224],[41.236611,54.714951],[41.236629,54.714591],[41.236607,54.711054],[41.236784,54.709343],[41.237594,54.705245],[41.239430,54.705312],[41.243542,54.705563],[41.244502,54.705650],[41.245565,54.705803],[41.246936,54.705967],[41.247794,54.706025],[41.248851,54.706050],[41.250738,54.706009],[41.254972,54.705818],[41.256621,54.705794],[41.258829,54.706108],[41.254234,54.702974],[41.250599,54.700713],[41.250093,54.700377],[41.247640,54.698425],[41.250563,54.696419],[41.251925,54.695433],[41.256489,54.693826],[41.259848,54.692752],[41.260539,54.692628],[41.260998,54.692512],[41.262157,54.692318],[41.265064,54.692016],[41.271251,54.691126],[41.276937,54.690347],[41.279870,54.689872],[41.282376,54.689552],[41.284833,54.689206],[41.285084,54.691635],[41.287171,54.692614],[41.289709,54.693872],[41.292221,54.695074],[41.293183,54.695470],[41.296108,54.696638],[41.302805,54.699247],[41.307956,54.701140],[41.308663,54.701395],[41.309744,54.701747],[41.312969,54.700631],[41.322581,54.697107],[41.325784,54.695873],[41.330380,54.694045],[41.333428,54.692804],[41.328036,54.691862],[41.326689,54.690345],[41.325464,54.690307],[41.325236,54.682881],[41.343678,54.682539],[41.351799,54.682414],[41.358294,54.682235],[41.374913,54.681945],[41.391818,54.681672],[41.390767,54.662317],[41.396346,54.662187],[41.411519,54.661949],[41.423594,54.661617],[41.433160,54.661376],[41.440242,54.661135],[41.439901,54.655343],[41.439618,54.651511],[41.438965,54.643945],[41.438936,54.642469],[41.447031,54.642347],[41.455811,54.642247],[41.455687,54.637177],[41.455448,54.631953],[41.454915,54.622217],[41.454474,54.612830],[41.460796,54.612643],[41.464341,54.612612],[41.469805,54.612449],[41.470996,54.612443],[41.470903,54.610345],[41.470787,54.602726],[41.470752,54.598887],[41.471272,54.599070],[41.473489,54.599768],[41.477219,54.602816],[41.480464,54.604088],[41.483329,54.607710],[41.486220,54.610129],[41.487926,54.611479],[41.490821,54.614068],[41.492991,54.614242],[41.495980,54.615192],[41.498245,54.614761],[41.502269,54.616921],[41.503476,54.614173],[41.505210,54.614003],[41.505707,54.620270],[41.505720,54.620825],[41.506322,54.630944],[41.506823,54.641691],[41.513996,54.641608],[41.513682,54.646233],[41.511248,54.649816],[41.510227,54.651744],[41.511322,54.658701],[41.511534,54.660446],[41.511109,54.661661],[41.509731,54.666326],[41.508680,54.668868],[41.508093,54.670419],[41.507245,54.673938],[41.51189,54.675819],[41.516525,54.677499],[41.519314,54.678094],[41.520283,54.678530],[41.522760,54.679935],[41.524059,54.682085],[41.534297,54.684606],[41.531116,54.689889],[41.532199,54.692982],[41.532412,54.693023],[41.532940,54.693274],[41.533268,54.693341],[41.533487,54.693409],[41.533790,54.693607],[41.534144,54.693766],[41.534443,54.693801],[41.534785,54.693815],[41.535036,54.693874],[41.535374,54.694098],[41.535572,54.694174],[41.535782,54.694194],[41.536014,54.694182],[41.536172,54.69425],[41.536241,54.694337],[41.536282,54.694522],[41.536362,54.694630],[41.536516,54.694710],[41.537541,54.695002],[41.537738,54.695022],[41.537924,54.694980],[41.538253,54.694873],[41.538413,54.694858],[41.538768,54.694938],[41.539065,54.695029],[41.539305,54.695072],[41.539943,54.695078],[41.540283,54.695131],[41.540663,54.695295],[41.540899,54.695447],[41.541120,54.695504],[41.541403,54.695523],[41.542180,54.695532],[41.542368,54.695567],[41.542795,54.695813],[41.543043,54.695865],[41.543411,54.695887],[41.543749,54.695886],[41.544138,54.696032],[41.544521,54.696118],[41.547507,54.697201],[41.547535,54.698410],[41.547330,54.701594],[41.548119,54.703573],[41.546559,54.703773],[41.547278,54.704150],[41.548550,54.704720],[41.549744,54.705298],[41.551092,54.705792],[41.552550,54.706470],[41.554056,54.707659],[41.555915,54.709084],[41.558076,54.710640],[41.556261,54.710748],[41.558115,54.712377],[41.558554,54.713570],[41.559011,54.714709],[41.559491,54.715492],[41.560281,54.716984],[41.561733,54.720265],[41.564312,54.723052],[41.566995,54.722963],[41.567257,54.724802],[41.566110,54.726211],[41.565575,54.727904],[41.565205,54.729177],[41.565623,54.730016],[41.567068,54.733976],[41.566597,54.735798],[41.566333,54.736955],[41.567125,54.738550],[41.570352,54.738275],[41.575232,54.737946],[41.579044,54.735657],[41.583776,54.732993],[41.586703,54.731265],[41.588148,54.731539],[41.589620,54.731889],[41.591392,54.732258],[41.592121,54.732379],[41.594886,54.732918],[41.599219,54.733838],[41.604458,54.734876],[41.604979,54.733495],[41.607917,54.733946],[41.609237,54.729924],[41.612647,54.727599],[41.619306,54.723188],[41.619884,54.722600],[41.620639,54.721227],[41.622110,54.718846],[41.623318,54.717399],[41.625005,54.716184],[41.627969,54.712780],[41.629633,54.710945],[41.632666,54.709114],[41.631896,54.708133],[41.632699,54.704629],[41.632993,54.703469],[41.637864,54.703224],[41.642254,54.703726],[41.646819,54.704268],[41.651074,54.704795],[41.668349,54.713706],[41.663675,54.724049],[41.658368,54.724225],[41.658037,54.725294],[41.654915,54.725328],[41.646421,54.724012],[41.644188,54.724027],[41.643126,54.727357],[41.640904,54.727412],[41.637704,54.732697],[41.635582,54.735963],[41.640612,54.736230],[41.647209,54.736724],[41.650045,54.737262],[41.652330,54.737270],[41.656482,54.737195],[41.663765,54.740189],[41.663494,54.741659],[41.666232,54.742969],[41.667183,54.742689],[41.667848,54.743804],[41.669462,54.745658],[41.672192,54.748685],[41.675060,54.751691],[41.675822,54.752393],[41.677578,54.754538],[41.678998,54.756091],[41.679906,54.755929],[41.683220,54.757894],[41.680567,54.759797],[41.680997,54.761214],[41.684502,54.762994],[41.686665,54.764308],[41.687037,54.764749],[41.686998,54.765798],[41.688871,54.766919],[41.689571,54.767856],[41.688795,54.768354],[41.690479,54.769683],[41.693949,54.771319],[41.695027,54.770865],[41.695428,54.770656],[41.695886,54.770352],[41.696717,54.769928],[41.701833,54.766993],[41.702699,54.767181],[41.703101,54.771653],[41.703790,54.771821],[41.705231,54.772514],[41.709273,54.773175],[41.711819,54.773559],[41.721681,54.775161],[41.719945,54.775547],[41.718404,54.775960],[41.716173,54.776402],[41.714504,54.777131],[41.713787,54.777686],[41.713090,54.778302],[41.713333,54.778559],[41.714033,54.779059],[41.714857,54.779632],[41.716107,54.780455],[41.718608,54.781424],[41.721137,54.782361],[41.724746,54.782716],[41.725425,54.782816],[41.737504,54.783697],[41.740502,54.783847],[41.740622,54.783899],[41.740779,54.783867],[41.740965,54.783758],[41.741230,54.783706],[41.741333,54.783658],[41.741480,54.783516],[41.741761,54.783480],[41.741911,54.783340],[41.742045,54.783288],[41.742496,54.783248],[41.744001,54.781715],[41.745686,54.780358],[41.746002,54.779933],[41.747688,54.778637],[41.749303,54.777786],[41.749725,54.777725],[41.750848,54.777219],[41.752394,54.776571],[41.754325,54.775679],[41.755273,54.775295],[41.756889,54.775072],[41.758609,54.774890],[41.761178,54.774885],[41.762779,54.775046],[41.764016,54.775047],[41.765663,54.775122],[41.766858,54.775555],[41.768399,54.776200],[41.769209,54.776389],[41.770442,54.776511],[41.772543,54.776500],[41.774528,54.776623],[41.776166,54.776445],[41.778017,54.776011],[41.780195,54.775844],[41.783509,54.775544],[41.786497,54.774966],[41.789484,54.774077],[41.789328,54.773912],[41.791508,54.773221],[41.793763,54.771920],[41.796801,54.770347],[41.800565,54.768273],[41.803089,54.766848],[41.808916,54.769199],[41.809357,54.769364],[41.812213,54.771160],[41.812271,54.772943],[41.814060,54.773315],[41.814849,54.773429],[41.814832,54.771561],[41.813880,54.771005],[41.812896,54.768946],[41.815998,54.768281],[41.81725,54.768054],[41.823537,54.767281],[41.826503,54.767400],[41.830478,54.767953],[41.833327,54.768747],[41.833687,54.769804],[41.853861,54.765761],[41.853955,54.766108],[41.854514,54.767087],[41.855646,54.768338],[41.858378,54.769768],[41.866578,54.772092],[41.871918,54.773274],[41.870418,54.775510],[41.870493,54.775528],[41.870255,54.775935],[41.870065,54.776019],[41.869419,54.776743],[41.869248,54.776760],[41.869166,54.776982],[41.869110,54.777313],[41.869040,54.777535],[41.869096,54.77769],[41.869065,54.777859],[41.868962,54.778040],[41.868740,54.778221],[41.868439,54.778199],[41.868092,54.778229],[41.867956,54.778269],[41.867867,54.778384],[41.867305,54.778440],[41.867062,54.778415],[41.866776,54.778281],[41.866558,54.778225],[41.866328,54.778230],[41.866169,54.778258],[41.865716,54.778581],[41.865344,54.778635],[41.865012,54.778723],[41.864831,54.778803],[41.864288,54.779337],[41.863763,54.779672],[41.863104,54.780124],[41.862765,54.780410],[41.862192,54.781038],[41.861966,54.781081],[41.861072,54.781532],[41.858670,54.782923],[41.856890,54.784111],[41.856556,54.784491],[41.855976,54.785233],[41.855363,54.786250],[41.855235,54.786670],[41.855188,54.787292],[41.855113,54.787579],[41.855188,54.788339],[41.855295,54.789019],[41.855634,54.789629],[41.855992,54.790412],[41.856246,54.790732],[41.856776,54.791196],[41.857121,54.791401],[41.857515,54.791576],[41.857727,54.791752],[41.857883,54.792162],[41.857936,54.792198],[41.858029,54.792141],[41.858146,54.791989],[41.858418,54.791988],[41.859556,54.792331],[41.860670,54.792591],[41.861485,54.792762],[41.861219,54.793162],[41.861009,54.793598],[41.860911,54.793992],[41.860985,54.794252],[41.861123,54.794520],[41.861302,54.794772],[41.861471,54.794888],[41.861911,54.795038],[41.863294,54.795841],[41.863449,54.795986],[41.863323,54.796148],[41.863331,54.796278],[41.863479,54.796380],[41.863309,54.796513],[41.862347,54.796972],[41.861979,54.797087],[41.861576,54.797155],[41.860802,54.797227],[41.860466,54.797353],[41.860069,54.797614],[41.859828,54.797863],[41.859583,54.798203],[41.859433,54.798722],[41.859365,54.799333],[41.859388,54.799639],[41.859595,54.800057],[41.859756,54.800287],[41.859762,54.800522],[41.859696,54.800768],[41.859678,54.801038],[41.859805,54.801458],[41.859651,54.801724],[41.859523,54.801763],[41.859412,54.801871],[41.859219,54.802230],[41.858515,54.803235],[41.858155,54.803478],[41.856693,54.804137],[41.855732,54.804511],[41.854823,54.804902],[41.854398,54.805219],[41.854468,54.805331],[41.853257,54.805682],[41.852876,54.805875],[41.852474,54.806209],[41.852326,54.806241],[41.851473,54.806216],[41.851164,54.806283],[41.850958,54.806422],[41.850923,54.806645],[41.851010,54.806873],[41.851720,54.808039],[41.851802,54.808237],[41.851744,54.808402],[41.851433,54.808758],[41.851407,54.808976],[41.851544,54.809196],[41.851535,54.809260],[41.851454,54.809319],[41.851246,54.809357],[41.850991,54.809367],[41.850333,54.809136],[41.848316,54.808756],[41.847422,54.808698],[41.846502,54.808527],[41.846374,54.808552],[41.845734,54.808466],[41.844782,54.808486],[41.844561,54.808517],[41.843577,54.808533],[41.841303,54.808666],[41.839336,54.808872],[41.837924,54.808976],[41.837010,54.809008],[41.835429,54.809234],[41.834049,54.809536],[41.833313,54.809674],[41.827651,54.810328],[41.826109,54.810363],[41.825614,54.810412],[41.825052,54.810442],[41.822918,54.810722],[41.822345,54.810769],[41.820467,54.810732],[41.820258,54.810776],[41.8185,54.810828],[41.818953,54.813501],[41.829478,54.812904],[41.836485,54.812787],[41.845465,54.813169],[41.849994,54.814042],[41.853333,54.815053],[41.861407,54.818553],[41.868228,54.820860],[41.876425,54.824780],[41.878657,54.825376],[41.879702,54.827929],[41.889486,54.826387],[41.894792,54.825533],[41.912736,54.822775],[41.912791,54.823636],[41.912477,54.824133],[41.911684,54.824767],[41.911449,54.825085],[41.911379,54.825745],[41.911217,54.826530],[41.911038,54.826813],[41.910120,54.827467],[41.912140,54.828320],[41.912952,54.828818],[41.915579,54.830520],[41.910651,54.832027],[41.909328,54.833812],[41.910437,54.836534],[41.910233,54.837569],[41.910466,54.838047],[41.910847,54.838739],[41.910059,54.841734],[41.908653,54.841852],[41.906659,54.841504],[41.905057,54.843264],[41.904420,54.844069],[41.903131,54.846789],[41.900246,54.848913],[41.898922,54.849913],[41.896069,54.852831],[41.894602,54.854275],[41.89191,54.855854],[41.879952,54.868622],[41.879338,54.869243],[41.876203,54.870930],[41.875211,54.872014],[41.873342,54.874117],[41.873013,54.874188],[41.872442,54.874283],[41.870416,54.874497],[41.868158,54.874777],[41.867453,54.877643],[41.867287,54.878515],[41.867962,54.880719],[41.867287,54.881138],[41.866257,54.882179],[41.860307,54.887479],[41.858036,54.889327],[41.855941,54.892478],[41.854802,54.894266],[41.854287,54.895188],[41.854671,54.895223],[41.858309,54.895751],[41.861933,54.896723],[41.863103,54.898420],[41.866535,54.903712],[41.867546,54.903723],[41.870750,54.903886],[41.876514,54.904112],[41.879827,54.906551],[41.881684,54.908102],[41.884248,54.910315],[41.886551,54.912065],[41.887815,54.913063],[41.889196,54.914216],[41.894596,54.918574],[41.898389,54.917701],[41.899027,54.917789],[41.899138,54.917816],[41.899204,54.918020],[41.899352,54.918049],[41.899571,54.917937],[41.899838,54.917965],[41.900104,54.918075],[41.900314,54.918284],[41.900322,54.918463],[41.900200,54.918582],[41.900108,54.918779],[41.900238,54.918809],[41.900534,54.918677],[41.900869,54.918423],[41.901009,54.918419],[41.901096,54.918595],[41.901256,54.918756],[41.901472,54.918753],[41.901631,54.918570],[41.901839,54.918540],[41.901952,54.918446],[41.901962,54.918296],[41.902071,54.918230],[41.902209,54.918262],[41.902372,54.918342],[41.902475,54.918242],[41.902432,54.917948],[41.902510,54.917875],[41.902695,54.917857],[41.902672,54.917781],[41.902440,54.917591],[41.902467,54.917424],[41.902368,54.917192],[41.902533,54.917120],[41.902683,54.917185],[41.903028,54.917523],[41.903306,54.917569],[41.903773,54.917442],[41.904401,54.917629],[41.904611,54.917584],[41.904823,54.917352],[41.905041,54.917346],[41.905203,54.917442],[41.905284,54.917381],[41.905269,54.917218],[41.905403,54.917068],[41.905710,54.917021],[41.905784,54.916955],[41.905891,54.916922],[41.905887,54.916828],[41.905508,54.916664],[41.905488,54.916547],[41.905566,54.916477],[41.905759,54.916465],[41.905953,54.916355],[41.906395,54.916432],[41.906523,54.916386],[41.906422,54.915844],[41.906548,54.915787],[41.906661,54.915841],[41.90683,54.916106],[41.906974,54.916113],[41.907138,54.916061],[41.907354,54.916075],[41.907577,54.916179],[41.907737,54.916187],[41.907867,54.916107],[41.907861,54.915897],[41.907949,54.915802],[41.908075,54.915785],[41.908221,54.915855],[41.908349,54.916018],[41.908698,54.916096],[41.908952,54.916202],[41.908896,54.916316],[41.908571,54.916444],[41.908567,54.916568],[41.908711,54.916725],[41.908688,54.917047],[41.908777,54.917108],[41.908948,54.917082],[41.909304,54.916793],[41.909497,54.916793],[41.909592,54.916861],[41.909619,54.917043],[41.909767,54.917220],[41.910012,54.917215],[41.910121,54.917272],[41.910123,54.917435],[41.909977,54.917552],[41.909350,54.917747],[41.909329,54.917945],[41.909085,54.918119],[41.909086,54.918229],[41.909478,54.918518],[41.909978,54.918525],[41.910133,54.918605],[41.910067,54.918864],[41.910079,54.918952],[41.910229,54.919019],[41.910579,54.919053],[41.910705,54.919121],[41.910734,54.919457],[41.910856,54.919519],[41.91105,54.919464],[41.911128,54.919374],[41.911173,54.919146],[41.911264,54.919092],[41.911445,54.919098],[41.911597,54.919161],[41.911770,54.919193],[41.911991,54.919365],[41.912354,54.919550],[41.912573,54.919602],[41.912636,54.919712],[41.912525,54.919755],[41.912204,54.919779],[41.912108,54.919818],[41.912438,54.920087],[41.912779,54.920251],[41.912834,54.920444],[41.912655,54.920871],[41.912742,54.920954],[41.912852,54.920925],[41.913013,54.920781],[41.913236,54.920993],[41.91336,54.921028],[41.913633,54.920853],[41.913738,54.920851],[41.914081,54.921011],[41.914209,54.921025],[41.914285,54.920977],[41.914353,54.920743],[41.914530,54.920676],[41.914651,54.920761],[41.914795,54.921026],[41.914977,54.921055],[41.915141,54.921235],[41.915347,54.921270],[41.915648,54.921405],[41.915841,54.921353],[41.916179,54.921321],[41.916292,54.921232],[41.916310,54.921029],[41.916399,54.920942],[41.916498,54.920935],[41.916763,54.921078],[41.917006,54.921088],[41.917171,54.921036],[41.917331,54.921097],[41.917418,54.921274],[41.917599,54.921336],[41.917961,54.921219],[41.918122,54.921264],[41.918231,54.921397],[41.918375,54.921407],[41.918488,54.921330],[41.918502,54.921168],[41.918655,54.921088],[41.918891,54.921101],[41.919097,54.921200],[41.919231,54.921471],[41.919246,54.921664],[41.919396,54.921721],[41.919589,54.921673],[41.919651,54.921536],[41.919818,54.921491],[41.919966,54.921569],[41.919912,54.921770],[41.920085,54.921871],[41.920256,54.921780],[41.920207,54.921677],[41.920297,54.921580],[41.920476,54.921579],[41.920555,54.921669],[41.920486,54.921990],[41.920603,54.922056],[41.920797,54.922021],[41.920837,54.921927],[41.920970,54.921863],[41.921031,54.921757],[41.921103,54.921753],[41.921175,54.921856],[41.921177,54.922088],[41.921486,54.922183],[41.922111,54.922172],[41.922633,54.921918],[41.922956,54.921924],[41.923100,54.922016],[41.923118,54.922109],[41.922657,54.922185],[41.922587,54.922300],[41.922645,54.922419],[41.922818,54.922487],[41.922956,54.922439],[41.923190,54.922247],[41.923316,54.922249],[41.923647,54.922464],[41.923610,54.922696],[41.923763,54.922799],[41.923789,54.922872],[41.923633,54.923103],[41.923717,54.923188],[41.923909,54.923161],[41.924197,54.922954],[41.924341,54.922925],[41.924483,54.922948],[41.924514,54.923039],[41.924481,54.923226],[41.924584,54.923319],[41.924851,54.923414],[41.925043,54.923523],[41.925121,54.923655],[41.924987,54.923755],[41.924769,54.923755],[41.924318,54.923687],[41.924055,54.923696],[41.923911,54.923795],[41.923929,54.923893],[41.924059,54.923949],[41.924514,54.923946],[41.924681,54.923972],[41.925031,54.924175],[41.925352,54.924217],[41.925518,54.924313],[41.925516,54.924443],[41.925282,54.924669],[41.925395,54.924726],[41.925592,54.924720],[41.926021,54.924612],[41.926247,54.924635],[41.926397,54.924732],[41.926412,54.924870],[41.926117,54.925169],[41.926134,54.925290],[41.926298,54.925359],[41.926457,54.925355],[41.926873,54.925232],[41.927025,54.925238],[41.927089,54.925308],[41.927085,54.925424],[41.926772,54.925693],[41.926953,54.925846],[41.927262,54.925862],[41.927605,54.925735],[41.927848,54.925795],[41.927892,54.925952],[41.92754,54.926134],[41.927556,54.926246],[41.927811,54.926365],[41.927976,54.926534],[41.928295,54.926556],[41.928546,54.926714],[41.928610,54.926857],[41.928857,54.927104],[41.929248,54.927084],[41.929684,54.927186],[41.929808,54.927140],[41.929857,54.926910],[41.929913,54.926812],[41.930123,54.926810],[41.930555,54.926986],[41.930711,54.926952],[41.930699,54.926703],[41.930796,54.926636],[41.931063,54.926638],[41.931436,54.926796],[41.931576,54.926706],[41.931469,54.926491],[41.931504,54.926408],[41.931708,54.926401],[41.931959,54.926493],[41.932280,54.926515],[41.932274,54.926619],[41.932416,54.926668],[41.932805,54.926696],[41.932998,54.926874],[41.933146,54.926909],[41.933284,54.926844],[41.933484,54.926689],[41.934311,54.926716],[41.934466,54.926835],[41.934355,54.927055],[41.934453,54.927184],[41.934758,54.927314],[41.934997,54.927346],[41.935052,54.927291],[41.934884,54.927055],[41.934923,54.926996],[41.935295,54.927004],[41.935705,54.927232],[41.935958,54.927312],[41.936172,54.927266],[41.936382,54.927167],[41.936802,54.927238],[41.937636,54.927504],[41.937841,54.927517],[41.938158,54.927248],[41.938467,54.927187],[41.938776,54.927271],[41.938994,54.927476],[41.939019,54.927842],[41.939208,54.928110],[41.939157,54.928405],[41.939241,54.928511],[41.939500,54.928654],[41.939784,54.928637],[41.940122,54.928464],[41.940585,54.92842],[41.940744,54.928351],[41.941091,54.928376],[41.941503,54.928280],[41.941958,54.928463],[41.942162,54.928470],[41.942240,54.928373],[41.942355,54.928343],[41.942915,54.928473],[41.943244,54.928407],[41.943574,54.928285],[41.943895,54.928292],[41.944236,54.928249],[41.944640,54.928494],[41.945128,54.928867],[41.945297,54.928935],[41.945461,54.928903],[41.945690,54.928807],[41.945968,54.928832],[41.94604,54.928768],[41.946023,54.928654],[41.946165,54.928608],[41.946474,54.928682],[41.946721,54.928819],[41.946828,54.929127],[41.947332,54.929386],[41.947540,54.929387],[41.947882,54.929284],[41.948386,54.929263],[41.948802,54.929094],[41.949080,54.929137],[41.949222,54.929310],[41.949014,54.929482],[41.948586,54.929491],[41.948456,54.929639],[41.948160,54.929746],[41.94837,54.930013],[41.948592,54.930097],[41.948989,54.929961],[41.949306,54.929947],[41.949413,54.930030],[41.949271,54.930331],[41.949374,54.930432],[41.949547,54.930424],[41.949771,54.930113],[41.949911,54.930076],[41.950090,54.930099],[41.950255,54.930225],[41.950831,54.930345],[41.951204,54.930282],[41.951296,54.930352],[41.951247,54.930451],[41.951338,54.930510],[41.951714,54.930528],[41.951813,54.930603],[41.951737,54.930707],[41.951261,54.930944],[41.951354,54.931040],[41.951550,54.931085],[41.952050,54.931066],[41.952704,54.930915],[41.953406,54.930900],[41.953867,54.930780],[41.954419,54.930950],[41.954890,54.930967],[41.955139,54.931071],[41.955248,54.931234],[41.955246,54.931538],[41.955018,54.931710],[41.955034,54.931811],[41.955187,54.931936],[41.955401,54.931950],[41.955485,54.931997],[41.955691,54.932003],[41.955831,54.932045],[41.956117,54.932031],[41.956236,54.932138],[41.956131,54.932260],[41.955740,54.932408],[41.956022,54.932585],[41.955926,54.932808],[41.956305,54.932983],[41.956278,54.933237],[41.956878,54.933685],[41.956750,54.933975],[41.956916,54.934149],[41.957641,54.934426],[41.957911,54.934640],[41.958086,54.935179],[41.958348,54.935283],[41.959131,54.935214],[41.959288,54.935306],[41.959556,54.935752],[41.960301,54.935977],[41.960403,54.936092],[41.959990,54.936687],[41.960295,54.936881],[41.960851,54.936829],[41.961489,54.936834],[41.962214,54.936537],[41.963067,54.936577],[41.964419,54.937037],[41.965448,54.937698],[41.965715,54.938139],[41.965796,54.939034],[41.965701,54.939358],[41.965847,54.939707],[41.966298,54.939786],[41.966677,54.939987],[41.967080,54.940067],[41.968097,54.939910],[41.968362,54.940212],[41.968259,54.940725],[41.968620,54.941034],[41.968585,54.941417],[41.968791,54.942085],[41.968443,54.942737],[41.968469,54.943123],[41.968928,54.943355],[41.969375,54.943358],[41.969682,54.943740],[41.970336,54.944112],[41.970452,54.944480],[41.970664,54.944608],[41.971662,54.944656],[41.971847,54.945042],[41.972327,54.945375],[41.972823,54.945454],[41.973473,54.945652],[41.974249,54.945675],[41.975352,54.945468],[41.975595,54.945778],[41.976104,54.946014],[41.976462,54.946474],[41.976855,54.946631],[41.977310,54.946668],[41.977448,54.946742],[41.977411,54.946908],[41.976892,54.947253],[41.976960,54.947518],[41.977219,54.947805],[41.977538,54.947909],[41.978329,54.947821],[41.978493,54.947905],[41.978499,54.948259],[41.978316,54.948464],[41.978423,54.948636],[41.979743,54.949387],[41.980593,54.949529],[41.981085,54.949845],[41.981295,54.950388],[41.981690,54.950618],[41.982375,54.950535],[41.982857,54.950547],[41.983048,54.950901],[41.983411,54.950978],[41.983709,54.950917],[41.983919,54.950965],[41.983789,54.951540],[41.983985,54.951722],[41.985041,54.952144],[41.985393,54.952737],[41.985759,54.952939],[41.986858,54.953233],[41.986963,54.953561],[41.987383,54.953814],[41.987515,54.954102],[41.987815,54.954232],[41.988223,54.954251],[41.988614,54.954506],[41.989003,54.954608],[41.989588,54.954486],[41.990038,54.954247],[41.990199,54.954074],[41.990250,54.953653],[41.990621,54.953443],[41.990545,54.953132],[41.990676,54.952856],[41.990907,54.952583],[41.991218,54.952509],[41.991685,54.952569],[41.991983,54.952543],[41.992160,54.952393],[41.992329,54.951793],[41.992586,54.951628],[41.993295,54.951618],[41.994058,54.951478],[41.995240,54.951787],[41.995530,54.951771],[41.995767,54.951654],[41.996125,54.951300],[41.996446,54.951064],[41.997032,54.951016],[41.99792,54.951246],[41.998008,54.951571],[41.998284,54.951628],[41.999161,54.951372],[41.999708,54.951770],[42.000118,54.951865],[42.001015,54.951679],[42.001668,54.951741],[42.002164,54.951889],[42.002505,54.952116],[42.002802,54.952198],[42.003191,54.952228],[42.003393,54.952320],[42.003714,54.952640],[42.004199,54.952960],[42.005235,54.953368],[42.005755,54.953764],[42.006268,54.954018],[42.006593,54.954090],[42.007087,54.954109],[42.007962,54.954504],[42.008369,54.954766],[42.008606,54.955211],[42.008608,54.95558],[42.008740,54.955862],[42.008958,54.956038],[42.009639,54.956250],[42.010310,54.956526],[42.010806,54.956590],[42.011158,54.956712],[42.011607,54.957122],[42.011945,54.957352],[42.012391,54.957890],[42.013052,54.958260],[42.013532,54.958664],[42.013828,54.958966],[42.014411,54.959122],[42.015779,54.959350],[42.016444,54.959400],[42.017556,54.959883],[42.018101,54.959892],[42.018669,54.959685],[42.018887,54.959380],[42.019515,54.959162],[42.019929,54.959116],[42.020001,54.959613],[42.021053,54.960116],[42.021291,54.960092],[42.021351,54.959848],[42.021475,54.959800],[42.021608,54.959835],[42.021837,54.960097],[42.022627,54.960205],[42.022831,54.959970],[42.023018,54.959937],[42.023300,54.960123],[42.023366,54.960420],[42.024416,54.960765],[42.024803,54.960677],[42.025295,54.960771],[42.026021,54.960756],[42.026215,54.960889],[42.026114,54.961170],[42.026322,54.961355],[42.026933,54.961421],[42.027248,54.961662],[42.027983,54.961537],[42.028409,54.961626],[42.028971,54.962010],[42.029508,54.961999],[42.030154,54.962118],[42.031284,54.961969],[42.032091,54.962029],[42.033458,54.961487],[42.033818,54.961648],[42.03436,54.961551],[42.034767,54.961597],[42.035405,54.961404],[42.035973,54.961385],[42.036395,54.961294],[42.036951,54.961317],[42.037647,54.961584],[42.038283,54.962083],[42.038598,54.962167],[42.039514,54.962074],[42.040121,54.961730],[42.040059,54.961461],[42.040314,54.961139],[42.040495,54.960739],[42.040613,54.960687],[42.040923,54.960769],[42.041160,54.960739],[42.041582,54.960911],[42.041782,54.960867],[42.042288,54.960635],[42.042689,54.960681],[42.042974,54.960919],[42.043577,54.960893],[42.044313,54.961105],[42.044877,54.961182],[42.045052,54.961401],[42.045192,54.961406],[42.045460,54.961255],[42.045649,54.961330],[42.045676,54.961524],[42.045791,54.961604],[42.046339,54.961587],[42.046438,54.961679],[42.046361,54.961804],[42.046442,54.961893],[42.046895,54.961845],[42.047181,54.961870],[42.047487,54.962120],[42.047983,54.962097],[42.048547,54.962114],[42.048992,54.961894],[42.049249,54.961882],[42.049682,54.962057],[42.050066,54.961955],[42.050289,54.961993],[42.050593,54.962316],[42.050521,54.962429],[42.050145,54.962519],[42.050406,54.962741],[42.050460,54.962943],[42.050562,54.963020],[42.050828,54.962908],[42.051266,54.962924],[42.051664,54.962853],[42.052238,54.962849],[42.052748,54.962611],[42.053203,54.962660],[42.053465,54.963008],[42.053775,54.963129],[42.054226,54.963133],[42.054619,54.963045],[42.054862,54.963155],[42.05491,54.963286],[42.054926,54.963513],[42.055183,54.963692],[42.056680,54.964033],[42.056855,54.964189],[42.056643,54.964393],[42.056737,54.964471],[42.057124,54.964482],[42.057787,54.964196],[42.057970,54.964195],[42.058291,54.9645],[42.058569,54.964563],[42.058878,54.964525],[42.059201,54.964581],[42.059265,54.964679],[42.059152,54.964803],[42.059174,54.964891],[42.059425,54.964966],[42.059677,54.965206],[42.059860,54.965308],[42.059852,54.965436],[42.059613,54.965515],[42.059403,54.965651],[42.059374,54.965858],[42.059489,54.965915],[42.060051,54.965938],[42.060171,54.966011],[42.060043,54.966368],[42.060010,54.966603],[42.060193,54.966731],[42.060498,54.966765],[42.060568,54.966826],[42.060502,54.967058],[42.061459,54.967149],[42.062000,54.967389],[42.061895,54.967575],[42.061912,54.967673],[42.062435,54.967648],[42.062544,54.967814],[42.063046,54.968006],[42.062931,54.968256],[42.063316,54.968532],[42.063591,54.968672],[42.063620,54.968893],[42.063462,54.969280],[42.063674,54.969515],[42.063624,54.969838],[42.063838,54.969977],[42.064217,54.970029],[42.064199,54.970185],[42.064442,54.970321],[42.064892,54.970314],[42.064890,54.970596],[42.065067,54.970719],[42.065609,54.970873],[42.065864,54.971092],[42.065903,54.971491],[42.065973,54.971623],[42.066535,54.971760],[42.066829,54.972094],[42.067331,54.972150],[42.067552,54.972269],[42.067926,54.972311],[42.068046,54.972475],[42.067963,54.972745],[42.067587,54.972821],[42.067982,54.973043],[42.067943,54.973135],[42.067696,54.973150],[42.067595,54.973276],[42.067568,54.973517],[42.067879,54.973647],[42.068033,54.973903],[42.068894,54.974099],[42.069021,54.974504],[42.069213,54.974678],[42.069266,54.974809],[42.070407,54.975098],[42.070356,54.975263],[42.070419,54.975403],[42.070823,54.975459],[42.071017,54.975605],[42.071282,54.975686],[42.071432,54.975873],[42.07164,54.975933],[42.071918,54.975927],[42.072870,54.976371],[42.072987,54.976491],[42.073290,54.976707],[42.073432,54.976953],[42.073735,54.977204],[42.074202,54.977383],[42.074846,54.977502],[42.075141,54.977720],[42.075347,54.977805],[42.077042,54.978140],[42.074982,54.977942],[42.069237,54.977799],[42.060772,54.977662],[42.057001,54.978693],[42.044150,54.982395],[42.034459,54.985139],[42.023334,54.988211],[41.999185,54.995174],[41.998344,54.995337],[41.997572,54.997095],[41.995138,55.002838],[41.994094,55.005657],[41.992893,55.008669],[41.992350,55.010108],[41.990545,55.014399],[41.989949,55.016040],[41.990271,55.016933],[41.992619,55.020379],[41.993747,55.022511],[41.994760,55.024308],[41.996604,55.027733],[41.999660,55.032972],[42.002308,55.037396],[41.999691,55.039487],[41.995208,55.043143],[41.992532,55.045252],[41.988124,55.048990],[41.985622,55.050999],[41.983758,55.052458],[41.980718,55.055069],[41.984743,55.061822],[41.988323,55.067020],[41.990201,55.069855],[41.995874,55.079156],[41.998672,55.083701],[42.000139,55.088110],[42.000426,55.089383],[42.000791,55.090137],[42.001670,55.090641],[42.002037,55.090914],[42.002294,55.091143],[42.002303,55.091439],[42.002082,55.092350],[42.002034,55.092680],[42.002026,55.093095],[42.002104,55.093444],[42.00218,55.093540],[42.002194,55.093678],[42.002090,55.093773],[42.002101,55.093843],[42.002178,55.093884],[42.002344,55.093894],[42.002510,55.093954],[42.002621,55.094060],[42.002639,55.094249],[42.002602,55.094390],[42.002510,55.094462],[42.002301,55.094504],[42.002172,55.094592],[42.002216,55.094881],[42.002008,55.095138],[42.001855,55.095647],[42.001493,55.095797],[42.001246,55.095945],[42.001008,55.096152],[42.000516,55.097232],[42.000397,55.097407],[42.000080,55.097574],[41.999926,55.097707],[41.999758,55.097925],[41.999483,55.098082],[41.999157,55.098163],[41.998782,55.098205],[41.998163,55.098328],[41.997624,55.098477],[41.997395,55.098576],[41.997223,55.098630],[41.996988,55.098659],[41.996310,55.098649],[41.995947,55.098818],[41.995769,55.099085],[41.995658,55.099200],[41.995506,55.099241],[41.994702,55.099161],[41.994119,55.099140],[41.993627,55.099253],[41.993143,55.099270],[41.992924,55.099301],[41.992748,55.099389],[41.992584,55.099550],[41.992430,55.099755],[41.992169,55.099919],[41.991883,55.099988],[41.991593,55.099950],[41.991433,55.099859],[41.991324,55.099743],[41.991118,55.099309],[41.991022,55.099213],[41.990852,55.099148],[41.990581,55.099140],[41.989963,55.099197],[41.989321,55.099299],[41.987983,55.099374],[41.987537,55.099301],[41.986592,55.099284],[41.986134,55.099170],[41.984322,55.098967],[41.983160,55.098665],[41.982794,55.098660],[41.982342,55.098588],[41.979519,55.098517],[41.979090,55.098486],[41.978022,55.098318],[41.974995,55.097949],[41.974219,55.097823],[41.973727,55.097722],[41.972802,55.097499],[41.971933,55.097158],[41.971522,55.097078],[41.968679,55.096692],[41.964971,55.096086],[41.961710,55.095504],[41.960948,55.095311],[41.960349,55.095095],[41.959943,55.094903],[41.959692,55.09473],[41.959414,55.094455],[41.959294,55.094290],[41.959247,55.093998],[41.959144,55.093903],[41.958964,55.093814],[41.958562,55.093790],[41.958314,55.093731],[41.957637,55.093358],[41.957310,55.093140],[41.956820,55.092711],[41.956305,55.092498],[41.956108,55.092350],[41.955849,55.091972],[41.955595,55.091817],[41.954794,55.091497],[41.954155,55.091323],[41.953493,55.091183],[41.952727,55.091161],[41.952388,55.091076],[41.951749,55.090697],[41.950169,55.089813],[41.949318,55.089371],[41.949013,55.089302],[41.947646,55.089228],[41.947234,55.089134],[41.946363,55.088788],[41.945782,55.088536],[41.943012,55.086883],[41.942351,55.086522],[41.941762,55.086283],[41.941151,55.086191],[41.940368,55.086129],[41.939741,55.086015],[41.939002,55.085844],[41.938498,55.085646],[41.937990,55.085408],[41.937459,55.085090],[41.935882,55.083920],[41.935119,55.083327],[41.933879,55.082024],[41.932905,55.081138],[41.931574,55.080042],[41.931378,55.079852],[41.931276,55.079689],[41.931237,55.079510],[41.931284,55.079393],[41.931455,55.079265],[41.931689,55.079143],[41.931915,55.078932],[41.931903,55.078858],[41.931823,55.078807],[41.931414,55.078696],[41.931182,55.078670],[41.930938,55.078679],[41.930721,55.078710],[41.930521,55.078699],[41.929176,55.078418],[41.928818,55.078315],[41.928614,55.078217],[41.928506,55.078115],[41.928509,55.078019],[41.928598,55.077874],[41.928601,55.077681],[41.928573,55.077608],[41.928494,55.077550],[41.928333,55.077531],[41.927858,55.077663],[41.927684,55.077659],[41.927562,55.077611],[41.926935,55.077120],[41.926503,55.076813],[41.926262,55.076660],[41.925906,55.076550],[41.925780,55.076414],[41.925642,55.076369],[41.925314,55.076364],[41.925051,55.076423],[41.924847,55.076428],[41.924610,55.076369],[41.923558,55.076287],[41.922407,55.076265],[41.922171,55.076240],[41.921976,55.076174],[41.921826,55.076071],[41.921705,55.075904],[41.921635,55.075621],[41.921373,55.075172],[41.921002,55.074809],[41.920752,55.074601],[41.920467,55.074435],[41.919042,55.073950],[41.918862,55.073977],[41.918701,55.073978],[41.918437,55.073913],[41.918166,55.073821],[41.918106,55.073765],[41.918085,55.073676],[41.918021,55.073605],[41.917728,55.073581],[41.917463,55.073382],[41.916965,55.073328],[41.916659,55.073119],[41.916375,55.073129],[41.916031,55.073191],[41.915829,55.073209],[41.915628,55.073187],[41.915449,55.073115],[41.915041,55.072733],[41.914720,55.072484],[41.914538,55.072407],[41.914041,55.072346],[41.913803,55.072160],[41.913374,55.072018],[41.913044,55.071816],[41.912582,55.071482],[41.912236,55.071374],[41.911501,55.071237],[41.910949,55.070842],[41.910523,55.070644],[41.909572,55.070271],[41.909333,55.070214],[41.908697,55.070134],[41.908414,55.070136],[41.907791,55.070238],[41.907576,55.070248],[41.907398,55.070221],[41.907089,55.070088],[41.906933,55.069947],[41.906908,55.069857],[41.906968,55.069783],[41.907257,55.069578],[41.907269,55.069457],[41.907188,55.069396],[41.906983,55.069364],[41.906811,55.069303],[41.906704,55.069219],[41.906616,55.069114],[41.906573,55.068777],[41.906515,55.068697],[41.906393,55.068637],[41.906109,55.068692],[41.90595,55.068682],[41.905843,55.068643],[41.905767,55.068580],[41.905748,55.068351],[41.905654,55.068122],[41.905645,55.067956],[41.905509,55.067869],[41.905278,55.067851],[41.905234,55.067817],[41.905345,55.067667],[41.905325,55.067524],[41.905223,55.067454],[41.905079,55.067410],[41.904873,55.067281],[41.904719,55.067278],[41.904380,55.067380],[41.904047,55.067325],[41.903344,55.067120],[41.902993,55.067075],[41.902638,55.067133],[41.902357,55.067308],[41.902224,55.067456],[41.902013,55.067563],[41.901686,55.067598],[41.901395,55.067579],[41.901189,55.067496],[41.900685,55.067045],[41.900520,55.066956],[41.900312,55.066927],[41.900107,55.066949],[41.899846,55.066869],[41.899713,55.066866],[41.899044,55.066960],[41.898761,55.066960],[41.898478,55.066911],[41.898337,55.066849],[41.898228,55.066713],[41.898131,55.066450],[41.898056,55.066371],[41.897915,55.066312],[41.897488,55.066258],[41.897315,55.06621],[41.897182,55.066140],[41.89711,55.066048],[41.897073,55.065895],[41.897154,55.065566],[41.897321,55.065181],[41.897275,55.065016],[41.897295,55.064960],[41.897350,55.064921],[41.897627,55.064916],[41.897728,55.064875],[41.897761,55.064821],[41.897491,55.064689],[41.897243,55.064602],[41.897146,55.064693],[41.897064,55.064727],[41.896958,55.064715],[41.896864,55.064657],[41.896795,55.064561],[41.896802,55.064480],[41.897073,55.064228],[41.897126,55.064142],[41.897086,55.064075],[41.896994,55.064041],[41.896875,55.064035],[41.896743,55.064080],[41.896563,55.064227],[41.896388,55.064282],[41.895874,55.064300],[41.895632,55.064323],[41.895264,55.064326],[41.894996,55.064268],[41.894832,55.064202],[41.894787,55.064144],[41.894799,55.064092],[41.894983,55.063982],[41.894978,55.063947],[41.894894,55.063888],[41.894715,55.063862],[41.894664,55.063840],[41.894531,55.063657],[41.894314,55.063579],[41.894273,55.063546],[41.894271,55.063477],[41.894089,55.063415],[41.893948,55.063317],[41.893731,55.063029],[41.893597,55.062946],[41.893423,55.062914],[41.893264,55.062931],[41.893138,55.062966],[41.893003,55.063059],[41.892954,55.063245],[41.892912,55.063302],[41.892826,55.063353],[41.892726,55.063374],[41.892616,55.063346],[41.892314,55.063121],[41.891789,55.062953],[41.891742,55.062873],[41.891604,55.062743],[41.891457,55.062677],[41.891265,55.062637],[41.890591,55.062635],[41.890371,55.062597],[41.890258,55.062525],[41.890244,55.062468],[41.890461,55.062304],[41.890446,55.062272],[41.890227,55.062165],[41.890106,55.062162],[41.889957,55.062228],[41.889823,55.062337],[41.889743,55.062376],[41.889589,55.062362],[41.889464,55.062319],[41.889381,55.062264],[41.889375,55.062216],[41.889409,55.062163],[41.889795,55.061951],[41.889819,55.061904],[41.889772,55.061864],[41.889514,55.061829],[41.889223,55.061728],[41.889152,55.061763],[41.889096,55.061902],[41.889049,55.061941],[41.888958,55.061963],[41.888750,55.061963],[41.888517,55.062070],[41.888357,55.062110],[41.888143,55.062123],[41.887656,55.062056],[41.887504,55.062054],[41.887302,55.062110],[41.887164,55.062097],[41.887048,55.062046],[41.887054,55.061912],[41.886997,55.061855],[41.886761,55.061761],[41.886587,55.061772],[41.886400,55.061847],[41.886041,55.061929],[41.885476,55.061873],[41.884848,55.062021],[41.884476,55.062025],[41.884151,55.061994],[41.883766,55.061841],[41.883607,55.061932],[41.883415,55.061863],[41.883229,55.061869],[41.883023,55.061978],[41.882932,55.061986],[41.882719,55.061943],[41.882291,55.062075],[41.882150,55.062102],[41.881991,55.062094],[41.881899,55.062065],[41.881747,55.061967],[41.881486,55.061718],[41.881272,55.061666],[41.881111,55.061603],[41.880818,55.061352],[41.880495,55.061250],[41.879899,55.060917],[41.879584,55.060782],[41.879491,55.060772],[41.879250,55.060847],[41.879142,55.060862],[41.879039,55.060855],[41.878835,55.060781],[41.878807,55.060692],[41.878932,55.060570],[41.878943,55.060538],[41.878914,55.060503],[41.878854,55.060469],[41.878539,55.060373],[41.878528,55.060349],[41.878603,55.060278],[41.878569,55.060193],[41.878440,55.060138],[41.878244,55.060098],[41.877997,55.059896],[41.877769,55.059801],[41.877107,55.059802],[41.876702,55.059644],[41.876294,55.059655],[41.875355,55.059532],[41.875093,55.059464],[41.874307,55.059143],[41.873895,55.059000],[41.873659,55.058988],[41.873483,55.059014],[41.873215,55.059085],[41.873055,55.059089],[41.872937,55.059048],[41.872837,55.058965],[41.872792,55.058845],[41.872735,55.058787],[41.872652,55.058758],[41.872473,55.058757],[41.872181,55.058813],[41.871908,55.058835],[41.871568,55.058741],[41.871251,55.058566],[41.870493,55.058455],[41.870068,55.058424],[41.869882,55.058354],[41.869707,55.058242],[41.869609,55.058218],[41.869488,55.058225],[41.869412,55.058266],[41.869384,55.058395],[41.869307,55.058446],[41.869175,55.058450],[41.868898,55.058428],[41.868647,55.058374],[41.868603,55.058327],[41.868604,55.058198],[41.868574,55.058143],[41.868461,55.058116],[41.868279,55.058106],[41.868104,55.058133],[41.867757,55.058283],[41.867611,55.058313],[41.867491,55.058288],[41.867274,55.058192],[41.867037,55.058190],[41.866810,55.058214],[41.866613,55.058143],[41.866398,55.058137],[41.866325,55.058073],[41.866269,55.057987],[41.866150,55.057909],[41.865812,55.057893],[41.865546,55.057844],[41.865217,55.057843],[41.865104,55.057863],[41.865026,55.057849],[41.864972,55.057824],[41.864868,55.057719],[41.864699,55.057645],[41.864448,55.057641],[41.864153,55.057690],[41.864093,55.057667],[41.863885,55.057490],[41.863734,55.057472],[41.863553,55.057368],[41.863383,55.057363],[41.863237,55.057324],[41.863077,55.057327],[41.862891,55.057405],[41.862812,55.057405],[41.862751,55.057368],[41.862700,55.057269],[41.862614,55.057230],[41.862491,55.057210],[41.862294,55.057232],[41.862106,55.057375],[41.861989,55.057414],[41.861340,55.057427],[41.861231,55.057392],[41.860958,55.057251],[41.860902,55.057245],[41.860857,55.057271],[41.860833,55.057345],[41.860757,55.057352],[41.860289,55.057318],[41.859978,55.057339],[41.859597,55.057280],[41.859443,55.057277],[41.859380,55.057300],[41.859256,55.057442],[41.859109,55.057468],[41.858843,55.057431],[41.858266,55.057285],[41.858092,55.057280],[41.857908,55.057316],[41.857796,55.057382],[41.85777,55.057538],[41.857717,55.057595],[41.857623,55.057644],[41.857208,55.057638],[41.857095,55.057673],[41.857020,55.057723],[41.856973,55.057805],[41.857001,55.057969],[41.856858,55.058109],[41.856723,55.058185],[41.856611,55.058203],[41.856483,55.058193],[41.856263,55.058091],[41.856122,55.058094],[41.856077,55.058132],[41.856086,55.058223],[41.856063,55.058291],[41.855955,55.058310],[41.855687,55.058288],[41.855611,55.058299],[41.855574,55.058346],[41.855591,55.058389],[41.855822,55.058566],[41.855791,55.058709],[41.855872,55.058856],[41.855847,55.058904],[41.855792,55.058920],[41.855712,55.058914],[41.855363,55.058742],[41.855222,55.058746],[41.855131,55.058785],[41.855001,55.058973],[41.854940,55.059183],[41.855013,55.059796],[41.855105,55.059855],[41.855454,55.059971],[41.855618,55.060085],[41.855735,55.060230],[41.855743,55.060374],[41.855928,55.060655],[41.855937,55.060719],[41.855894,55.060763],[41.855463,55.060782],[41.855291,55.060838],[41.855185,55.060964],[41.855149,55.061201],[41.85556,55.061433],[41.855713,55.061552],[41.855709,55.061721],[41.855767,55.062002],[41.855730,55.062114],[41.855633,55.062196],[41.855515,55.062243],[41.855267,55.062245],[41.855163,55.062277],[41.855113,55.062326],[41.855132,55.062373],[41.855237,55.062425],[41.855636,55.062542],[41.855692,55.062581],[41.855699,55.062632],[41.855633,55.062918],[41.855988,55.063104],[41.856045,55.063163],[41.856070,55.063226],[41.856029,55.063275],[41.855956,55.063315],[41.855820,55.063318],[41.855693,55.063342],[41.855621,55.063398],[41.855629,55.063455],[41.855694,55.063526],[41.855807,55.063593],[41.856229,55.063757],[41.856282,55.063846],[41.856261,55.063910],[41.85615,55.063964],[41.856014,55.063979],[41.855687,55.063799],[41.855323,55.063714],[41.855197,55.063727],[41.855086,55.063775],[41.855059,55.063835],[41.855198,55.064192],[41.855179,55.064326],[41.855012,55.064547],[41.854935,55.064758],[41.854812,55.064885],[41.8547,55.064937],[41.854363,55.065034],[41.854223,55.065110],[41.854207,55.065210],[41.854276,55.065497],[41.854166,55.065702],[41.854179,55.065902],[41.854106,55.066114],[41.854022,55.066906],[41.854189,55.067369],[41.854243,55.067726],[41.854225,55.067832],[41.854088,55.067912],[41.853818,55.067980],[41.853660,55.068183],[41.853513,55.068243],[41.853240,55.068322],[41.853050,55.068424],[41.853009,55.068481],[41.853001,55.068544],[41.853099,55.068726],[41.853114,55.068801],[41.853098,55.068878],[41.853065,55.068904],[41.852984,55.068924],[41.852755,55.068914],[41.852659,55.068930],[41.852572,55.068971],[41.852504,55.069070],[41.852477,55.069298],[41.852367,55.069428],[41.852239,55.069514],[41.851637,55.069653],[41.851531,55.069696],[41.851461,55.069766],[41.851441,55.069857],[41.851453,55.069941],[41.851409,55.070021],[41.850986,55.070205],[41.850967,55.070383],[41.85084,55.070516],[41.850645,55.07062],[41.850460,55.070644],[41.850311,55.070687],[41.850210,55.070788],[41.850223,55.070878],[41.850482,55.071047],[41.850494,55.071083],[41.850448,55.071135],[41.850363,55.071187],[41.850270,55.071195],[41.850061,55.071124],[41.849901,55.071094],[41.849653,55.071102],[41.849390,55.071164],[41.849180,55.071272],[41.848976,55.071453],[41.848860,55.071595],[41.848906,55.071683],[41.849040,55.071813],[41.849056,55.071895],[41.848892,55.071970],[41.848698,55.071994],[41.848435,55.071963],[41.848293,55.071974],[41.848235,55.072046],[41.848234,55.072151],[41.848110,55.072231],[41.848030,55.072242],[41.847814,55.072226],[41.847636,55.072235],[41.847474,55.072277],[41.847465,55.072313],[41.847562,55.072440],[41.847552,55.072484],[41.847426,55.072538],[41.847050,55.072619],[41.846946,55.072664],[41.846801,55.072868],[41.846653,55.072934],[41.846544,55.072945],[41.846441,55.072924],[41.846257,55.072838],[41.845949,55.072838],[41.84582,55.072892],[41.845626,55.073111],[41.845526,55.073162],[41.845245,55.073183],[41.844781,55.073187],[41.844580,55.073368],[41.844298,55.073429],[41.844243,55.073483],[41.844094,55.073864],[41.844017,55.073914],[41.843922,55.073941],[41.843815,55.073931],[41.84376,55.073888],[41.843585,55.073584],[41.843509,55.073570],[41.843430,55.073583],[41.843310,55.073686],[41.843242,55.073708],[41.842985,55.073666],[41.842775,55.073607],[41.842678,55.073609],[41.842623,55.073642],[41.842537,55.073814],[41.842485,55.073873],[41.842388,55.073915],[41.842264,55.073931],[41.841909,55.073850],[41.841652,55.073821],[41.841483,55.073735],[41.841385,55.073621],[41.841346,55.073605],[41.841278,55.073610],[41.841223,55.073642],[41.841130,55.073757],[41.841018,55.073826],[41.840780,55.073886],[41.840354,55.073944],[41.840077,55.073959],[41.839987,55.073997],[41.839871,55.074093],[41.839768,55.074110],[41.839662,55.074099],[41.839506,55.074020],[41.839417,55.074009],[41.839342,55.074039],[41.839095,55.074220],[41.838964,55.074281],[41.838724,55.074326],[41.838542,55.074336],[41.838411,55.074303],[41.838055,55.074105],[41.837820,55.074069],[41.837615,55.073983],[41.837539,55.073972],[41.837459,55.074001],[41.837403,55.074062],[41.837448,55.074211],[41.837404,55.074274],[41.837316,55.074297],[41.837223,55.074285],[41.836455,55.074016],[41.836181,55.074007],[41.835878,55.074038],[41.835499,55.074003],[41.835395,55.073941],[41.835406,55.073862],[41.835356,55.073810],[41.835275,55.073786],[41.835178,55.073803],[41.834869,55.073993],[41.834764,55.074030],[41.834655,55.074034],[41.834590,55.074004],[41.834481,55.073908],[41.834396,55.073879],[41.834273,55.073900],[41.834165,55.073963],[41.834139,55.074023],[41.834168,55.074083],[41.834247,55.074160],[41.834567,55.074263],[41.834585,55.074301],[41.834557,55.074349],[41.834305,55.074441],[41.834153,55.074661],[41.834064,55.074713],[41.833967,55.074730],[41.833890,55.074717],[41.833830,55.074664],[41.833831,55.074605],[41.833895,55.074455],[41.833877,55.074371],[41.833811,55.074313],[41.833611,55.074232],[41.833364,55.074173],[41.833264,55.074109],[41.833126,55.073944],[41.833016,55.073879],[41.832771,55.073843],[41.832562,55.073842],[41.832353,55.073887],[41.832226,55.073971],[41.832160,55.074071],[41.832078,55.074115],[41.831914,55.074125],[41.831775,55.074101],[41.831619,55.074035],[41.831558,55.073981],[41.831558,55.073920],[41.831634,55.073806],[41.831678,55.073655],[41.831641,55.073589],[41.831566,55.073542],[41.831452,55.073516],[41.831282,55.073532],[41.831128,55.073572],[41.83093,55.073576],[41.830655,55.073475],[41.830578,55.073460],[41.830518,55.073469],[41.830475,55.073498],[41.830346,55.073630],[41.830290,55.073651],[41.830226,55.073651],[41.829655,55.073482],[41.829433,55.073444],[41.829053,55.073428],[41.829000,55.073453],[41.82892,55.073549],[41.828812,55.073620],[41.828689,55.073643],[41.82845,55.073597],[41.827958,55.073396],[41.827813,55.073364],[41.827677,55.073363],[41.827557,55.073415],[41.827381,55.073558],[41.827186,55.073677],[41.827117,55.073800],[41.826995,55.073899],[41.826835,55.073971],[41.826694,55.073999],[41.826526,55.073995],[41.826070,55.073876],[41.825375,55.073839],[41.825321,55.073804],[41.825229,55.073675],[41.825037,55.073580],[41.825042,55.073534],[41.825137,55.073486],[41.825145,55.073455],[41.825120,55.073423],[41.824952,55.073357],[41.824740,55.073330],[41.824654,55.073234],[41.82457,55.073194],[41.824461,55.073184],[41.824371,55.073200],[41.824288,55.073236],[41.824136,55.073453],[41.824061,55.073493],[41.823975,55.073500],[41.823874,55.073474],[41.823792,55.073408],[41.823694,55.073276],[41.823646,55.073125],[41.823645,55.072956],[41.823614,55.072854],[41.823565,55.072807],[41.823459,55.072765],[41.823356,55.072752],[41.823271,55.072762],[41.823060,55.072822],[41.822891,55.072814],[41.822732,55.072784],[41.822574,55.072723],[41.822447,55.072634],[41.822382,55.072566],[41.822367,55.072505],[41.822409,55.072418],[41.822361,55.072364],[41.822235,55.072340],[41.822075,55.072373],[41.821631,55.072547],[41.821512,55.072558],[41.821390,55.072530],[41.821105,55.072350],[41.820841,55.072087],[41.820817,55.072010],[41.820942,55.071870],[41.820944,55.071809],[41.820880,55.071726],[41.820766,55.071672],[41.820241,55.071632],[41.820074,55.071586],[41.819884,55.071499],[41.819684,55.071469],[41.819503,55.071470],[41.819414,55.071454],[41.819347,55.071424],[41.819342,55.071173],[41.819282,55.071078],[41.819098,55.070971],[41.818802,55.070841],[41.818612,55.070791],[41.818233,55.070791],[41.818044,55.070744],[41.817980,55.070754],[41.817888,55.070898],[41.817574,55.071042],[41.817563,55.071086],[41.817629,55.071149],[41.817633,55.071205],[41.817557,55.071242],[41.817443,55.071247],[41.817209,55.071164],[41.816913,55.071198],[41.816802,55.071196],[41.816076,55.070913],[41.815956,55.070888],[41.815824,55.070897],[41.815392,55.071085],[41.815222,55.071112],[41.814644,55.071048],[41.814123,55.071055],[41.813742,55.071117],[41.813672,55.071143],[41.813674,55.071182],[41.813715,55.071214],[41.813849,55.071242],[41.813921,55.071279],[41.813930,55.071340],[41.813771,55.071479],[41.813473,55.071607],[41.813241,55.071608],[41.812843,55.071528],[41.812312,55.071550],[41.811923,55.071534],[41.811746,55.071507],[41.811603,55.071459],[41.811531,55.071363],[41.811512,55.071233],[41.811378,55.071128],[41.811094,55.071091],[41.810969,55.071051],[41.810854,55.070952],[41.810795,55.070836],[41.810056,55.070757],[41.809909,55.070717],[41.809870,55.070663],[41.809899,55.070496],[41.809829,55.070437],[41.809721,55.070415],[41.80948,55.070415],[41.809067,55.070504],[41.808883,55.070523],[41.808731,55.070489],[41.808548,55.070406],[41.808431,55.070384],[41.808312,55.070408],[41.808254,55.070460],[41.808385,55.070614],[41.808369,55.070698],[41.807887,55.070982],[41.807467,55.071296],[41.807225,55.071339],[41.807003,55.071341],[41.806749,55.071290],[41.806307,55.071127],[41.805443,55.070748],[41.804775,55.070585],[41.804245,55.070528],[41.803489,55.070595],[41.802696,55.070724],[41.801982,55.070712],[41.801780,55.071911],[41.800784,55.073923],[41.798448,55.077335],[41.792847,55.085234],[41.790876,55.085293],[41.790108,55.085329],[41.788411,55.085339],[41.785481,55.088656],[41.783835,55.090561],[41.776476,55.098643],[41.794935,55.098574],[41.792763,55.101420],[41.791910,55.102162],[41.792253,55.105468],[41.790764,55.107349],[41.787866,55.110838],[41.783911,55.115467],[41.783868,55.115553],[41.782910,55.116885],[41.782165,55.117978],[41.782646,55.119862],[41.783544,55.123174],[41.782984,55.126207],[41.783011,55.127087],[41.782720,55.128508],[41.782456,55.129962],[41.779447,55.130614],[41.777711,55.130755],[41.776948,55.131141],[41.776897,55.131620],[41.773814,55.132839],[41.772376,55.133385],[41.771833,55.133610],[41.763722,55.133113],[41.755501,55.132669],[41.739826,55.131730],[41.719109,55.130534],[41.718107,55.131390],[41.717128,55.131820],[41.712635,55.131729],[41.712074,55.131109],[41.710378,55.131048],[41.706007,55.130455],[41.703204,55.128185],[41.702010,55.127974],[41.698277,55.124719],[41.698046,55.124147],[41.697208,55.123657],[41.696711,55.123418],[41.696413,55.123085],[41.695760,55.122544],[41.694324,55.121767],[41.693861,55.121360],[41.692819,55.120590],[41.691789,55.119251],[41.691354,55.119088],[41.69098,55.118876],[41.690744,55.118617],[41.690571,55.118188],[41.690257,55.117890],[41.689784,55.117519],[41.690168,55.114512],[41.675103,55.114199],[41.672527,55.112643],[41.672215,55.112485],[41.671614,55.112438],[41.665604,55.112249],[41.661188,55.112188],[41.657219,55.112051],[41.656604,55.113878],[41.658112,55.118363],[41.647428,55.116330],[41.639281,55.115712],[41.638417,55.115342],[41.631239,55.120260],[41.634324,55.122034],[41.639920,55.126092],[41.638199,55.129474],[41.640695,55.130173],[41.641044,55.130578],[41.640791,55.130753],[41.640287,55.130885],[41.640079,55.130954],[41.640145,55.131061],[41.640474,55.131205],[41.640879,55.131787],[41.641219,55.131944],[41.641613,55.131969],[41.641855,55.132145],[41.641690,55.132295],[41.641274,55.132345],[41.641153,55.132539],[41.641274,55.132834],[41.641274,55.133003],[41.640353,55.133185],[41.639750,55.133442],[41.639465,55.133805],[41.639511,55.134032],[41.639794,55.134262],[41.639717,55.134588],[41.639717,55.134914],[41.640013,55.135271],[41.640013,55.135509],[41.639663,55.135678],[41.639564,55.135948],[41.639750,55.136123],[41.639553,55.136411],[41.638972,55.136718],[41.638906,55.137132],[41.638753,55.137407],[41.638172,55.137689],[41.637676,55.137806],[41.637164,55.138028],[41.636583,55.138322],[41.636649,55.138560],[41.637361,55.139124],[41.637350,55.139431],[41.637723,55.139719],[41.638019,55.139838],[41.635780,55.140715],[41.634742,55.141036],[41.634469,55.141300],[41.634702,55.141727],[41.634982,55.141986],[41.635151,55.142380],[41.635560,55.142626],[41.635770,55.142655],[41.636395,55.142581],[41.637281,55.142678],[41.637483,55.142786],[41.637504,55.142854],[41.636987,55.143309],[41.636949,55.143460],[41.637183,55.143680],[41.637284,55.143877],[41.637720,55.144169],[41.637838,55.144358],[41.637828,55.144536],[41.637666,55.144563],[41.636774,55.145027],[41.636471,55.145054],[41.636397,55.145198],[41.636454,55.145334],[41.636297,55.145568],[41.636313,55.145723],[41.636279,55.145773],[41.636172,55.145782],[41.636090,55.145765],[41.636000,55.145723],[41.635794,55.145560],[41.635725,55.145529],[41.635655,55.145559],[41.635593,55.145678],[41.635503,55.145741],[41.635500,55.145854],[41.635461,55.145901],[41.635350,55.145902],[41.635054,55.145826],[41.634851,55.145884],[41.634660,55.145886],[41.634467,55.145820],[41.634293,55.145833],[41.634124,55.145888],[41.633894,55.145902],[41.633739,55.145876],[41.633612,55.145873],[41.633536,55.145904],[41.633479,55.145981],[41.633492,55.146044],[41.633714,55.146240],[41.633937,55.146602],[41.633932,55.146682],[41.633847,55.146743],[41.633649,55.146812],[41.633506,55.146888],[41.633354,55.146928],[41.632573,55.146963],[41.632377,55.147009],[41.631892,55.146996],[41.631782,55.147045],[41.631723,55.147159],[41.631415,55.147280],[41.631312,55.147361],[41.631324,55.147425],[41.631429,55.147491],[41.631559,55.147514],[41.632392,55.147533],[41.632505,55.147592],[41.632384,55.147707],[41.632211,55.147751],[41.631789,55.147756],[41.631669,55.147823],[41.631390,55.147887],[41.630918,55.147928],[41.630744,55.147997],[41.630614,55.148214],[41.630346,55.148472],[41.630364,55.148522],[41.631157,55.148588],[41.631366,55.148590],[41.631458,55.148617],[41.631432,55.148673],[41.631321,55.148748],[41.630927,55.148954],[41.630393,55.149483],[41.629752,55.149937],[41.629664,55.150126],[41.629796,55.150341],[41.629757,55.150566],[41.629093,55.151430],[41.628963,55.151397],[41.627653,55.152170],[41.624831,55.151816],[41.622676,55.151620],[41.616672,55.150745],[41.612567,55.150333],[41.613138,55.152062],[41.613476,55.152947],[41.614034,55.154281],[41.608961,55.154530],[41.608231,55.155420],[41.601337,55.157136],[41.598988,55.157219],[41.597863,55.156088],[41.596744,55.155547],[41.593245,55.154335],[41.590237,55.153535],[41.589024,55.152931],[41.580679,55.150059],[41.578147,55.149117],[41.576170,55.148510],[41.572668,55.147193],[41.572256,55.147681],[41.569646,55.150440],[41.565572,55.153668],[41.564190,55.153558],[41.563225,55.154291],[41.559573,55.156976],[41.556857,55.158677],[41.553315,55.159093],[41.554044,55.162186],[41.554617,55.164502],[41.555323,55.167581],[41.555863,55.169526],[41.551420,55.170943],[41.549620,55.171192],[41.543339,55.172127],[41.537240,55.172983],[41.531644,55.172154],[41.528213,55.171607],[41.516813,55.170111],[41.512403,55.169572],[41.512339,55.169858],[41.512257,55.170091],[41.512123,55.170268],[41.511962,55.170403],[41.511609,55.170603],[41.511478,55.170720],[41.511480,55.170813],[41.511516,55.170878],[41.511648,55.170969],[41.511879,55.171031],[41.512054,55.171099],[41.512101,55.171180],[41.512078,55.171266],[41.511981,55.171343],[41.51184,55.171361],[41.511325,55.171305],[41.511189,55.171316],[41.511054,55.171381],[41.511025,55.171477],[41.511102,55.171536],[41.511205,55.171576],[41.511551,55.171622],[41.511618,55.171661],[41.511653,55.171740],[41.511639,55.171844],[41.511518,55.171957],[41.511269,55.172068],[41.510828,55.172187],[41.510608,55.172108],[41.510394,55.172155],[41.510224,55.172156],[41.510119,55.172102],[41.51008,55.172037],[41.51008,55.171975],[41.510293,55.171777],[41.510266,55.171732],[41.510193,55.171705],[41.510061,55.171681],[41.509036,55.171724],[41.508635,55.171724],[41.508538,55.171691],[41.508464,55.171629],[41.508458,55.171558],[41.508608,55.171312],[41.508611,55.171195],[41.50854,55.171097],[41.508447,55.171033],[41.508276,55.171027],[41.508148,55.171080],[41.508046,55.171153],[41.507763,55.171457],[41.507626,55.171499],[41.506766,55.171445],[41.506494,55.171463],[41.506268,55.171524],[41.505984,55.171689],[41.505805,55.171772],[41.505635,55.171809],[41.505391,55.171836],[41.504167,55.171859],[41.503801,55.171809],[41.503675,55.171735],[41.503614,55.171362],[41.503485,55.171289],[41.503228,55.171252],[41.503042,55.171278],[41.502690,55.171422],[41.502507,55.171434],[41.502335,55.171388],[41.501898,55.171137],[41.501636,55.171105],[41.501337,55.171154],[41.501161,55.171160],[41.500977,55.171125],[41.500879,55.171078],[41.500591,55.170831],[41.500416,55.170731],[41.500211,55.170766],[41.499829,55.170945],[41.499688,55.170975],[41.499524,55.170960],[41.499460,55.170903],[41.499470,55.170692],[41.499387,55.170649],[41.499277,55.170639],[41.499114,55.170745],[41.498980,55.170764],[41.498868,55.170739],[41.498784,55.170696],[41.498790,55.170610],[41.498939,55.170533],[41.499268,55.170469],[41.499347,55.170420],[41.499306,55.170347],[41.499161,55.170289],[41.498938,55.170325],[41.498819,55.170301],[41.498786,55.170246],[41.498836,55.170185],[41.498977,55.170103],[41.499013,55.170052],[41.498976,55.170001],[41.498783,55.169984],[41.498705,55.169891],[41.498771,55.169703],[41.498712,55.169649],[41.498583,55.169643],[41.498463,55.169680],[41.498397,55.169825],[41.498273,55.169889],[41.498070,55.169909],[41.498018,55.169958],[41.498058,55.170054],[41.498044,55.170130],[41.497953,55.170213],[41.497930,55.170303],[41.497851,55.170371],[41.497642,55.170384],[41.497470,55.170331],[41.497080,55.170313],[41.496950,55.170260],[41.496812,55.170137],[41.496518,55.170004],[41.496469,55.169948],[41.496509,55.169673],[41.496476,55.169622],[41.496286,55.169537],[41.495963,55.169553],[41.495810,55.169540],[41.495609,55.169437],[41.495259,55.169350],[41.495162,55.169273],[41.495177,55.169233],[41.495324,55.169108],[41.495327,55.169006],[41.495254,55.168964],[41.494864,55.168835],[41.494808,55.168790],[41.494820,55.168636],[41.494772,55.168583],[41.494584,55.168517],[41.494477,55.168505],[41.494400,55.168535],[41.494373,55.168591],[41.494386,55.168702],[41.494444,55.168811],[41.494256,55.168946],[41.494321,55.169091],[41.494312,55.169151],[41.494271,55.169193],[41.494177,55.169225],[41.494033,55.169235],[41.493817,55.169190],[41.493655,55.169080],[41.493370,55.169033],[41.493321,55.168949],[41.493171,55.168876],[41.492695,55.168847],[41.492551,55.168815],[41.492513,55.168745],[41.492438,55.168340],[41.492453,55.168267],[41.492517,55.168198],[41.492591,55.168162],[41.492690,55.168166],[41.492840,55.168202],[41.493054,55.168290],[41.493230,55.168402],[41.493285,55.168575],[41.493367,55.168668],[41.493454,55.168704],[41.493527,55.168704],[41.493671,55.168597],[41.493941,55.168586],[41.494055,55.168551],[41.494115,55.168481],[41.493898,55.168337],[41.493879,55.168152],[41.493407,55.167732],[41.493040,55.167501],[41.492780,55.167260],[41.492536,55.167192],[41.492372,55.167180],[41.492248,55.167214],[41.492058,55.167348],[41.491776,55.167633],[41.491664,55.167677],[41.491421,55.167636],[41.491263,55.167580],[41.491183,55.167505],[41.491201,55.167453],[41.491298,55.167384],[41.491636,55.167290],[41.491824,55.167218],[41.491874,55.167161],[41.491846,55.167082],[41.491709,55.167010],[41.491559,55.166967],[41.490893,55.167125],[41.490803,55.167099],[41.490715,55.167028],[41.490723,55.166957],[41.491113,55.166759],[41.491160,55.166669],[41.491052,55.166620],[41.490501,55.166622],[41.490342,55.166577],[41.490190,55.166498],[41.490160,55.166424],[41.490181,55.166363],[41.490259,55.166293],[41.490378,55.166252],[41.490641,55.166195],[41.490694,55.166141],[41.490533,55.166038],[41.489999,55.165983],[41.489900,55.165929],[41.489840,55.165851],[41.489893,55.165775],[41.490095,55.165777],[41.490325,55.165709],[41.490325,55.165658],[41.490161,55.165613],[41.489759,55.165630],[41.489667,55.165562],[41.489697,55.165469],[41.489996,55.165335],[41.490098,55.165245],[41.490002,55.164997],[41.490045,55.164560],[41.489957,55.164450],[41.489770,55.164429],[41.489609,55.164456],[41.489456,55.164450],[41.489345,55.164383],[41.489306,55.164313],[41.489521,55.164129],[41.489547,55.164042],[41.489514,55.163977],[41.489388,55.163905],[41.489243,55.163898],[41.489051,55.163798],[41.488847,55.163639],[41.488770,55.163504],[41.488363,55.163314],[41.488052,55.163259],[41.487887,55.163209],[41.487794,55.163147],[41.487787,55.163082],[41.488137,55.162838],[41.488175,55.162754],[41.488154,55.162682],[41.488057,55.162586],[41.487895,55.162512],[41.487361,55.162417],[41.487150,55.162356],[41.487236,55.162012],[41.486760,55.161763],[41.486672,55.161699],[41.486672,55.161635],[41.486726,55.161499],[41.486710,55.161397],[41.486640,55.161316],[41.486452,55.161289],[41.486261,55.161292],[41.486127,55.161255],[41.486047,55.161188],[41.486057,55.161136],[41.486335,55.160823],[41.486265,55.160751],[41.486191,55.160735],[41.486059,55.160806],[41.485974,55.161013],[41.485848,55.161102],[41.485681,55.161001],[41.485660,55.160806],[41.485424,55.160621],[41.485495,55.160482],[41.485494,55.160348],[41.485306,55.160275],[41.485085,55.160268],[41.484829,55.160315],[41.484735,55.160295],[41.484641,55.160174],[41.484751,55.159971],[41.484732,55.159880],[41.484653,55.159835],[41.484532,55.159833],[41.484458,55.159900],[41.484382,55.160060],[41.484301,55.160096],[41.484181,55.160043],[41.484082,55.159942],[41.484132,55.159747],[41.484078,55.159676],[41.484002,55.159641],[41.483877,55.159639],[41.483548,55.159750],[41.483387,55.159754],[41.483255,55.159669],[41.483305,55.159344],[41.483154,55.159250],[41.482475,55.158970],[41.481931,55.158858],[41.481718,55.158720],[41.481315,55.158588],[41.481160,55.158513],[41.481044,55.158358],[41.480700,55.158234],[41.480471,55.158021],[41.480359,55.157949],[41.480054,55.157894],[41.479981,55.157862],[41.479981,55.157821],[41.480046,55.157778],[41.480547,55.157706],[41.480594,55.157656],[41.480566,55.157511],[41.480504,55.157414],[41.480386,55.157368],[41.480004,55.157363],[41.479809,55.157427],[41.479659,55.157552],[41.479710,55.157352],[41.479585,55.157345],[41.479404,55.157358],[41.479268,55.157252],[41.479243,55.157049],[41.478981,55.156912],[41.478710,55.156913],[41.478541,55.156839],[41.478403,55.156628],[41.478287,55.156523],[41.478433,55.156441],[41.478519,55.156332],[41.478483,55.156224],[41.478293,55.156114],[41.478019,55.155903],[41.477829,55.155930],[41.477648,55.156025],[41.477375,55.156107],[41.477134,55.156160],[41.477112,55.156208],[41.477016,55.156245],[41.476776,55.156241],[41.476925,55.155991],[41.476795,55.155939],[41.476707,55.155943],[41.476593,55.156007],[41.476561,55.156092],[41.476707,55.156266],[41.476784,55.156433],[41.476747,55.156507],[41.476670,55.156554],[41.476539,55.156580],[41.476340,55.156570],[41.476185,55.156526],[41.476108,55.156461],[41.475990,55.156180],[41.475881,55.156123],[41.475784,55.156118],[41.475706,55.156144],[41.475708,55.156278],[41.475639,55.156355],[41.475527,55.156377],[41.475409,55.156366],[41.475081,55.156218],[41.474869,55.156174],[41.474678,55.156164],[41.474504,55.156201],[41.474412,55.156283],[41.474437,55.156337],[41.474598,55.156452],[41.474628,55.156512],[41.474555,55.156559],[41.474354,55.156577],[41.474077,55.156566],[41.473307,55.156430],[41.473225,55.156350],[41.473184,55.156226],[41.472948,55.156094],[41.472789,55.156087],[41.472586,55.156143],[41.472300,55.156044],[41.472176,55.156037],[41.471862,55.156193],[41.471639,55.156095],[41.471480,55.156089],[41.471047,55.155899],[41.470890,55.155962],[41.470732,55.155887],[41.470659,55.155791],[41.470616,55.155494],[41.470399,55.155347],[41.470296,55.155230],[41.470249,55.154993],[41.470202,55.154952],[41.469921,55.154946],[41.469723,55.154717],[41.469502,55.154254],[41.469416,55.15421],[41.469318,55.154216],[41.468781,55.154353],[41.468622,55.154352],[41.468479,55.154297],[41.468393,55.154209],[41.468376,55.153821],[41.468322,55.153745],[41.468071,55.153641],[41.467764,55.153474],[41.467601,55.153419],[41.467378,55.153378],[41.467339,55.153278],[41.467054,55.153116],[41.466756,55.153093],[41.466543,55.153015],[41.466292,55.152768],[41.466037,55.152562],[41.465642,55.152400],[41.465273,55.152203],[41.465009,55.152144],[41.464711,55.1521],[41.464479,55.152092],[41.464303,55.152050],[41.464140,55.151973],[41.463839,55.151761],[41.463666,55.151684],[41.463470,55.151652],[41.463292,55.151580],[41.463144,55.151569],[41.462913,55.151576],[41.462835,55.151523],[41.462835,55.151471],[41.462741,55.151397],[41.462636,55.151359],[41.462516,55.151413],[41.462419,55.151428],[41.462365,55.151407],[41.462361,55.151316],[41.462254,55.151180],[41.462106,55.151083],[41.461992,55.151065],[41.461812,55.151103],[41.461636,55.151191],[41.461659,55.151371],[41.461516,55.151436],[41.461359,55.151369],[41.461316,55.151125],[41.461228,55.151040],[41.460898,55.150985],[41.460756,55.150936],[41.460580,55.150930],[41.460411,55.151006],[41.460207,55.150963],[41.460080,55.150870],[41.460026,55.150770],[41.459904,55.150692],[41.459662,55.150671],[41.459550,55.150635],[41.459462,55.150551],[41.458846,55.150427],[41.458520,55.150422],[41.458366,55.150301],[41.458065,55.150249],[41.457810,55.150128],[41.457597,55.150085],[41.457263,55.150098],[41.457046,55.150024],[41.456735,55.149857],[41.456563,55.149853],[41.456359,55.149905],[41.456147,55.149809],[41.455881,55.149815],[41.455679,55.149905],[41.455252,55.149739],[41.455081,55.149738],[41.454938,55.149835],[41.454850,55.149834],[41.454597,55.149704],[41.454494,55.149714],[41.454002,55.149858],[41.453631,55.149884],[41.453309,55.150035],[41.453093,55.150034],[41.453030,55.150001],[41.453183,55.149855],[41.453161,55.149627],[41.453243,55.149514],[41.453266,55.149217],[41.453200,55.149081],[41.453457,55.148654],[41.453378,55.148525],[41.453043,55.148273],[41.453015,55.148120],[41.452955,55.148049],[41.451996,55.147542],[41.451543,55.147422],[41.451292,55.147253],[41.451153,55.147189],[41.450831,55.147129],[41.450732,55.147072],[41.450632,55.146958],[41.450554,55.146803],[41.450423,55.146689],[41.450254,55.146616],[41.449917,55.146535],[41.449350,55.146500],[41.449153,55.146457],[41.448788,55.146291],[41.448565,55.146256],[41.448342,55.146250],[41.448209,55.146223],[41.448104,55.146131],[41.448022,55.146110],[41.447655,55.146137],[41.447310,55.14606],[41.447037,55.146071],[41.446621,55.146015],[41.446301,55.145999],[41.446085,55.146055],[41.445900,55.146063],[41.445763,55.146050],[41.445570,55.145921],[41.445553,55.145858],[41.445419,55.145775],[41.445119,55.145722],[41.444675,55.145488],[41.444557,55.145465],[41.444353,55.145489],[41.444033,55.145464],[41.443802,55.145367],[41.443572,55.145226],[41.443257,55.144950],[41.442885,55.144817],[41.442471,55.144568],[41.442139,55.144555],[41.441971,55.144462],[41.442003,55.144317],[41.442192,55.144124],[41.442023,55.143858],[41.441679,55.143757],[41.441598,55.143714],[41.441398,55.143438],[41.441310,55.143378],[41.441053,55.143369],[41.440888,55.143308],[41.440499,55.142859],[41.440111,55.142582],[41.439911,55.142183],[41.439647,55.142075],[41.439512,55.141969],[41.439394,55.141798],[41.439188,55.140925],[41.439113,55.140814],[41.438763,55.140616],[41.437871,55.140304],[41.437645,55.140120],[41.437542,55.139947],[41.437579,55.139787],[41.437686,55.139637],[41.438027,55.139413],[41.438467,55.139232],[41.438253,55.138897],[41.436209,55.137437],[41.430838,55.137036],[41.426141,55.136583],[41.427918,55.137959],[41.430101,55.139847],[41.432012,55.141284],[41.434773,55.141997],[41.435527,55.142910],[41.436234,55.143629],[41.436733,55.144088],[41.435387,55.145221],[41.433964,55.146655],[41.426164,55.151158],[41.423082,55.152838],[41.420133,55.153616],[41.408911,55.157262],[41.406140,55.158143],[41.404725,55.162952],[41.404161,55.165080],[41.403466,55.167968],[41.398438,55.170341],[41.392286,55.167315],[41.369403,55.173846],[41.359230,55.176715],[41.358261,55.180703],[41.358003,55.181429],[41.355786,55.182266],[41.343710,55.186597],[41.338246,55.189346],[41.337612,55.189673],[41.334958,55.191108],[41.328235,55.193567],[41.320541,55.197724],[41.310880,55.207125],[41.310530,55.207405],[41.307009,55.210779],[41.302102,55.215331],[41.302611,55.219901],[41.300407,55.222265],[41.29769,55.225014],[41.294416,55.233696],[41.287232,55.233021],[41.260815,55.231709],[41.232433,55.230203],[41.219487,55.229485],[41.206284,55.228779],[41.167967,55.226876],[41.166839,55.228545],[41.167569,55.230207],[41.168088,55.232181],[41.150818,55.231083],[41.147435,55.228349],[41.148073,55.226840],[41.149198,55.225119],[41.149255,55.224507],[41.145742,55.221882],[41.144226,55.218424],[41.141658,55.218048],[41.132697,55.216793],[41.131971,55.216533],[41.127774,55.215962],[41.122301,55.215066],[41.120252,55.214799],[41.107930,55.213032],[41.098726,55.205952],[41.097834,55.206374],[41.097212,55.208191],[41.09865,55.212865],[41.095719,55.213496],[41.092430,55.211987],[41.085302,55.214434],[41.084087,55.213467],[41.082476,55.212482],[41.078599,55.210783],[41.076768,55.209963],[41.076550,55.209758],[41.076880,55.209557],[41.076880,55.209337],[41.077041,55.209135],[41.077427,55.208847],[41.077524,55.208559],[41.077427,55.208223],[41.077052,55.207984],[41.076634,55.207794],[41.076494,55.207574],[41.076601,55.207390],[41.076945,55.207200],[41.077299,55.207127],[41.078114,55.207109],[41.078468,55.207004],[41.078715,55.206858],[41.079005,55.206619],[41.079187,55.206013],[41.079445,55.205817],[41.079820,55.205676],[41.080120,55.205658],[41.080442,55.205731],[41.080603,55.205841],[41.080850,55.205835],[41.080979,55.205682],[41.080764,55.205480],[41.080206,55.205119],[41.079477,55.204562],[41.079241,55.204188],[41.078994,55.203502],[41.079080,55.202976],[41.079294,55.202688],[41.079337,55.202388],[41.079284,55.202186],[41.078887,55.202021],[41.078618,55.201886],[41.078608,55.201758],[41.078887,55.201654],[41.079208,55.201611],[41.079745,55.201690],[41.080013,55.201678],[41.080131,55.201549],[41.080110,55.201354],[41.079874,55.201243],[41.079670,55.201035],[41.079627,55.200784],[41.079831,55.200545],[41.079895,55.200355],[41.079756,55.200306],[41.079455,55.200337],[41.079198,55.200508],[41.078844,55.200662],[41.078125,55.200649],[41.077846,55.200472],[41.077835,55.200098],[41.077964,55.199823],[41.078286,55.199614],[41.078672,55.199498],[41.078908,55.199296],[41.078897,55.199112],[41.078640,55.199045],[41.078232,55.199039],[41.077835,55.198818],[41.077127,55.198494],[41.076923,55.198286],[41.076816,55.198065],[41.076419,55.197955],[41.076022,55.197949],[41.075818,55.197894],[41.075604,55.197747],[41.075561,55.197514],[41.075657,55.197306],[41.075904,55.197190],[41.076086,55.197128],[41.076119,55.197006],[41.075968,55.196890],[41.075260,55.196883],[41.075024,55.196694],[41.075228,55.196547],[41.075410,55.196473],[41.075904,55.196461],[41.076183,55.196338],[41.076312,55.195941],[41.076794,55.195830],[41.077234,55.195818],[41.077395,55.195800],[41.077406,55.195628],[41.076934,55.195457],[41.076001,55.195040],[41.075571,55.194783],[41.075518,55.194648],[41.075818,55.194544],[41.076140,55.194563],[41.076430,55.194661],[41.076462,55.194838],[41.076698,55.194930],[41.078522,55.194912],[41.079208,55.194801],[41.079487,55.194630],[41.079520,55.194367],[41.079219,55.194036],[41.078490,55.193871],[41.078039,55.193705],[41.077492,55.193681],[41.077159,55.193877],[41.077138,55.193993],[41.076483,55.194262],[41.075990,55.194299],[41.075604,55.194244],[41.075486,55.194005],[41.075689,55.193032],[41.075797,55.192774],[41.076119,55.192695],[41.076537,55.192811],[41.076859,55.192823],[41.077224,55.192793],[41.077363,55.192560],[41.077181,55.192193],[41.076698,55.191880],[41.075893,55.191782],[41.075174,55.191850],[41.074756,55.192119],[41.074767,55.192578],[41.075013,55.192977],[41.075046,55.193362],[41.074767,55.193564],[41.074177,55.193791],[41.073619,55.193907],[41.073093,55.193883],[41.072878,55.193632],[41.072900,55.193326],[41.073093,55.192970],[41.073544,55.192817],[41.074069,55.192719],[41.074370,55.192591],[41.074402,55.192444],[41.074198,55.192327],[41.073565,55.192309],[41.073200,55.192444],[41.072964,55.192689],[41.072621,55.192768],[41.072127,55.192781],[41.071956,55.192652],[41.072042,55.192456],[41.072213,55.192223],[41.072288,55.191856],[41.072288,55.191513],[41.072535,55.191194],[41.072653,55.190857],[41.072546,55.190655],[41.072428,55.190508],[41.072524,55.190129],[41.072803,55.189651],[41.073136,55.189204],[41.073844,55.188653],[41.074799,55.187991],[41.075765,55.187366],[41.076011,55.187226],[41.076494,55.186876],[41.07687,55.186252],[41.077395,55.186013],[41.077814,55.185859],[41.078179,55.185902],[41.078404,55.186105],[41.078533,55.186619],[41.078189,55.186919],[41.078243,55.187134],[41.078350,55.187281],[41.078704,55.187324],[41.079123,55.187268],[41.079455,55.187091],[41.079659,55.186876],[41.079616,55.186527],[41.079723,55.186343],[41.080163,55.186239],[41.080582,55.186325],[41.080807,55.186435],[41.081107,55.186484],[41.081301,55.186399],[41.081408,55.186227],[41.081386,55.185719],[41.081558,55.185468],[41.082073,55.185216],[41.082502,55.185075],[41.082717,55.184781],[41.082674,55.184402],[41.082148,55.183997],[41.082159,55.183826],[41.082406,55.183691],[41.082888,55.183642],[41.083554,55.183673],[41.084112,55.183667],[41.084305,55.183458],[41.084326,55.183287],[41.08423,55.182968],[41.083564,55.182533],[41.083403,55.182356],[41.083457,55.182135],[41.083682,55.182056],[41.084036,55.182074],[41.084305,55.182117],[41.084755,55.182160],[41.085088,55.182080],[41.085217,55.181909],[41.085474,55.181804],[41.085839,55.181694],[41.08629,55.181529],[41.086686,55.181320],[41.086869,55.181051],[41.087191,55.180953],[41.087641,55.180683],[41.087770,55.180395],[41.087749,55.180071],[41.087641,55.179905],[41.087116,55.179685],[41.086354,55.179599],[41.086096,55.179617],[41.085764,55.179617],[41.085356,55.179477],[41.085313,55.179293],[41.085453,55.179176],[41.085893,55.179091],[41.086450,55.179060],[41.086901,55.179066],[41.087298,55.178931],[41.087620,55.178680],[41.088006,55.178049],[41.088371,55.177957],[41.088789,55.177963],[41.089079,55.178061],[41.089261,55.177982],[41.089068,55.177369],[41.089272,55.177222],[41.090109,55.177204],[41.090366,55.177247],[41.090538,55.177210],[41.090721,55.176971],[41.090688,55.176622],[41.090452,55.176266],[41.090291,55.175752],[41.089412,55.174716],[41.089111,55.174618],[41.088618,55.174643],[41.088060,55.174753],[41.087867,55.174765],[41.086944,55.174557],[41.086601,55.174336],[41.086944,55.173981],[41.087180,55.173650],[41.087244,55.173295],[41.086987,55.173172],[41.086429,55.172952],[41.085957,55.172694],[41.085485,55.172657],[41.085249,55.172829],[41.085313,55.173834],[41.084991,55.173932],[41.084712,55.173846],[41.084605,55.173625],[41.084712,55.173209],[41.080039,55.171459],[41.080872,55.170174],[41.082661,55.170789],[41.083121,55.168808],[41.086629,55.167509],[41.088338,55.163610],[41.087453,55.161834],[41.089362,55.160531],[41.087852,55.159481],[41.090829,55.157325],[41.090904,55.156909],[41.091398,55.154963],[41.093628,55.154093],[41.095301,55.154736],[41.098056,55.154542],[41.100147,55.152937],[41.099162,55.151623],[41.099021,55.151200],[41.099435,55.145059],[41.100577,55.144759],[41.102183,55.144254],[41.099872,55.137877],[41.099937,55.136273],[41.100171,55.133273],[41.100064,55.132722],[41.100188,55.130585],[41.099376,55.129124],[41.097289,55.127827],[41.098076,55.124271],[41.097973,55.123860],[41.101557,55.119603],[41.103431,55.118576],[41.102135,55.117915],[41.102609,55.116328],[41.101206,55.115406],[41.098977,55.111643],[41.098867,55.110004],[41.100652,55.108505],[41.100360,55.107069],[41.098063,55.105060],[41.103875,55.102617],[41.104313,55.102627],[41.104254,55.102946],[41.104546,55.103150],[41.105120,55.103206],[41.105937,55.103202],[41.106443,55.103227],[41.106827,55.103354],[41.107046,55.103504],[41.107131,55.103675],[41.107009,55.103825],[41.106671,55.103931],[41.105930,55.104044],[41.105494,55.104226],[41.105259,55.104485],[41.105161,55.104884],[41.10522,55.105399],[41.105404,55.106037],[41.105694,55.106478],[41.105699,55.106844],[41.105536,55.107043],[41.105569,55.107401],[41.105869,55.107708],[41.106263,55.107848],[41.106493,55.107976],[41.106845,55.108035],[41.107859,55.108043],[41.108163,55.108270],[41.108232,55.108534],[41.108160,55.108817],[41.108037,55.109118],[41.107729,55.109394],[41.107573,55.109727],[41.107642,55.110070],[41.107495,55.110222],[41.107114,55.110329],[41.106698,55.110352],[41.106231,55.110407],[41.105891,55.110635],[41.105898,55.111042],[41.106037,55.111340],[41.106222,55.111572],[41.106489,55.111779],[41.107065,55.112148],[41.107197,55.112294],[41.107153,55.112396],[41.106968,55.112457],[41.106521,55.112229],[41.105910,55.112330],[41.105541,55.112498],[41.105045,55.112745],[41.103218,55.114186],[41.102924,55.114304],[41.102430,55.114304],[41.102117,55.114340],[41.101886,55.114485],[41.101791,55.114664],[41.101769,55.114871],[41.101886,55.115323],[41.102051,55.115574],[41.102287,55.115706],[41.102554,55.115739],[41.102868,55.115678],[41.103213,55.115543],[41.104116,55.114945],[41.104675,55.114716],[41.105025,55.114622],[41.105375,55.114629],[41.105519,55.114727],[41.105599,55.114923],[41.105093,55.115841],[41.105081,55.116244],[41.105305,55.116948],[41.105254,55.117209],[41.105013,55.117464],[41.104609,55.117778],[41.104582,55.117854],[41.104694,55.117888],[41.10558,55.117845],[41.105840,55.117902],[41.106022,55.118014],[41.106141,55.118194],[41.106153,55.118430],[41.105764,55.118744],[41.105567,55.118945],[41.105813,55.119112],[41.106212,55.119169],[41.106499,55.119192],[41.106761,55.119128],[41.107194,55.118993],[41.107814,55.118967],[41.108704,55.119007],[41.108980,55.118912],[41.109564,55.119065],[41.110062,55.119222],[41.110240,55.119419],[41.110271,55.119675],[41.109876,55.120160],[41.109838,55.120348],[41.109920,55.120533],[41.110339,55.120807],[41.110594,55.121122],[41.111044,55.121253],[41.111158,55.120056],[41.111955,55.118140],[41.113080,55.115872],[41.113025,55.115455],[41.118510,55.115034],[41.119129,55.113939],[41.119136,55.113831],[41.120684,55.110233],[41.126506,55.109814],[41.126362,55.105902],[41.121152,55.105286],[41.122232,55.102527],[41.122813,55.101211],[41.126675,55.101199],[41.131232,55.101142],[41.131483,55.098490],[41.120564,55.098913],[41.113738,55.099193],[41.110643,55.099295],[41.100261,55.099750],[41.099641,55.099439],[41.099500,55.099078],[41.099901,55.097899],[41.099879,55.097590],[41.099481,55.096970],[41.099483,55.096474],[41.099822,55.096029],[41.099748,55.095771],[41.099313,55.095290],[41.099435,55.094063],[41.099635,55.093458],[41.098036,55.093568],[41.097042,55.095257],[41.095474,55.094936],[41.095400,55.093910],[41.094019,55.093804],[41.094814,55.090265],[41.088050,55.088810],[41.087572,55.088657],[41.086907,55.088890],[41.086398,55.089144],[41.085976,55.089488],[41.085662,55.089846],[41.085366,55.090050],[41.084937,55.090211],[41.084521,55.090144],[41.084244,55.090004],[41.083927,55.089606],[41.084036,55.089075],[41.083806,55.088939],[41.083509,55.088852],[41.083293,55.088852],[41.083124,55.088922],[41.082971,55.089174],[41.082870,55.089676],[41.082574,55.090534],[41.082271,55.090960],[41.081921,55.091273],[41.081171,55.091643],[41.080515,55.091816],[41.080014,55.091900],[41.079297,55.092144],[41.078029,55.092648],[41.077111,55.093073],[41.076658,55.093194],[41.075397,55.093257],[41.074370,55.093196],[41.072507,55.092935],[41.071584,55.092673],[41.070364,55.092474],[41.069978,55.092328],[41.069527,55.092062],[41.069246,55.091826],[41.069159,55.091579],[41.069235,55.091379],[41.069475,55.091191],[41.06969,55.089662],[41.067298,55.089847],[41.064335,55.092918],[41.065368,55.093708],[41.065241,55.094244],[41.065084,55.094688],[41.062072,55.093910],[41.059181,55.094709],[41.059082,55.093799],[41.060287,55.093826],[41.061375,55.093254],[41.061659,55.093244],[41.063733,55.093249],[41.064109,55.093180],[41.063579,55.092826],[41.062938,55.092132],[41.062663,55.091996],[41.061804,55.091937],[41.061767,55.091833],[41.061844,55.091729],[41.062319,55.091533],[41.063087,55.091254],[41.063076,55.089860],[41.063197,55.089347],[41.063159,55.088448],[41.062783,55.087985],[41.062908,55.087674],[41.063304,55.087432],[41.063581,55.087044],[41.062463,55.086765],[41.061726,55.086445],[41.061019,55.085863],[41.059817,55.085378],[41.060383,55.084861],[41.060932,55.084186],[41.060599,55.083601],[41.061207,55.083184],[41.061560,55.082654],[41.061364,55.082189],[41.061242,55.081029],[41.061828,55.080313],[41.061653,55.078314],[41.061047,55.078009],[41.058315,55.078803],[41.055123,55.078832],[41.054990,55.079274],[41.054844,55.079509],[41.053223,55.078802],[41.051630,55.078729],[41.050362,55.079073],[41.049449,55.079196],[41.048248,55.078764],[41.048231,55.078322],[41.047283,55.078297],[41.045434,55.077753],[41.043740,55.077140],[41.040748,55.078643],[41.039395,55.077927],[41.041388,55.077491],[41.041537,55.077261],[41.040534,55.076944],[41.039266,55.076487],[41.037379,55.075719],[41.036037,55.075355],[41.035893,55.073980],[41.033971,55.072932],[41.032249,55.072081],[41.031247,55.071485],[41.030188,55.071645],[41.028963,55.071472],[41.027381,55.070387],[41.027146,55.069948],[41.025263,55.069132],[41.024413,55.069002],[41.019820,55.068535],[41.014677,55.069554],[41.011692,55.068797],[41.010311,55.067530],[41.005688,55.066360],[41.004409,55.064839],[41.002003,55.064451],[40.993089,55.059978],[40.991405,55.059633],[40.986328,55.056773],[40.985692,55.057465],[40.984402,55.058699],[40.983763,55.059139],[40.983314,55.059369],[40.982752,55.059444],[40.982325,55.059328],[40.982240,55.059107],[40.982131,55.058309],[40.981828,55.057980],[40.981283,55.057703],[40.980804,55.057582],[40.980122,55.057775],[40.979569,55.057812],[40.978939,55.057707],[40.978152,55.057657],[40.977697,55.057510],[40.977516,55.057309],[40.977766,55.057069],[40.978257,55.056832],[40.978152,55.056667],[40.977514,55.056283],[40.977579,55.055819],[40.977982,55.055116],[40.977919,55.054812],[40.977553,55.054593],[40.977063,55.054417],[40.976378,55.054409],[40.975727,55.054569],[40.975295,55.055256],[40.974866,55.055413],[40.974258,55.055401],[40.973386,55.055232],[40.972285,55.055084],[40.971467,55.055020],[40.970785,55.055055],[40.970382,55.054961],[40.970044,55.054531],[40.969937,55.054071],[40.969347,55.053547],[40.969275,55.053312],[40.969610,55.053214],[40.970013,55.053284],[40.970510,55.053447],[40.970830,55.053421],[40.971186,55.053238],[40.971214,55.053028],[40.971031,55.052673],[40.969798,55.051861],[40.969216,55.051792],[40.968211,55.051822],[40.967611,55.051544],[40.966851,55.051329],[40.965768,55.050579],[40.965352,55.050426],[40.964691,55.050385],[40.963543,55.050599],[40.963087,55.050637],[40.962713,55.050847],[40.961340,55.050810],[40.959719,55.050499],[40.958156,55.050094],[40.955955,55.049858],[40.955153,55.049886],[40.952942,55.049740],[40.952451,55.049559],[40.952181,55.049332],[40.952414,55.049028],[40.952292,55.048763],[40.951011,55.048362],[40.950176,55.048010],[40.949869,55.047762],[40.949028,55.047344],[40.948856,55.047173],[40.948852,55.046995],[40.948712,55.046792],[40.947398,55.046129],[40.947189,55.045890],[40.946829,55.045939],[40.946415,55.046100],[40.945786,55.046226],[40.945853,55.046641],[40.945655,55.046781],[40.945084,55.046812],[40.944748,55.046939],[40.944574,55.047158],[40.944635,55.047324],[40.945073,55.047681],[40.944966,55.047849],[40.944755,55.047984],[40.944509,55.048062],[40.944286,55.047968],[40.944047,55.047918],[40.943663,55.047928],[40.943068,55.048136],[40.942772,55.048158],[40.942484,55.048128],[40.942162,55.048053],[40.942018,55.047939],[40.942012,55.047794],[40.942260,55.047612],[40.942905,55.047379],[40.943044,55.047282],[40.943025,55.047196],[40.942918,55.047129],[40.942722,55.047084],[40.942421,55.047100],[40.941935,55.047173],[40.941082,55.047186],[40.940923,55.047291],[40.940587,55.047822],[40.940437,55.048338],[40.940178,55.048402],[40.939933,55.048360],[40.939907,55.048287],[40.939960,55.048160],[40.939971,55.047975],[40.93991,55.047896],[40.939628,55.047769],[40.939188,55.047623],[40.938975,55.047290],[40.938779,55.047167],[40.938413,55.047070],[40.937857,55.047019],[40.937284,55.047021],[40.936728,55.047054],[40.936473,55.047137],[40.936314,55.047269],[40.936168,55.047538],[40.935989,55.047693],[40.935754,55.047767],[40.935148,55.047764],[40.934854,55.047681],[40.934473,55.047468],[40.934142,55.047230],[40.933878,55.047164],[40.933627,55.047134],[40.933383,55.047076],[40.932797,55.046774],[40.932348,55.046571],[40.931840,55.046405],[40.931328,55.046299],[40.930856,55.046249],[40.930592,55.046284],[40.930383,55.046379],[40.930154,55.046583],[40.929985,55.046857],[40.929740,55.046924],[40.929446,55.046884],[40.929102,55.046715],[40.928832,55.046429],[40.928494,55.045962],[40.928219,55.045644],[40.928032,55.045570],[40.927819,55.045569],[40.927703,55.045649],[40.927594,55.045998],[40.927503,55.046073],[40.92732,55.046102],[40.926167,55.045939],[40.925838,55.045837],[40.925724,55.045778],[40.925677,55.045673],[40.925687,55.045574],[40.925807,55.045520],[40.926226,55.045395],[40.926219,55.045303],[40.926032,55.045085],[40.925476,55.044630],[40.92513,55.044388],[40.924648,55.044125],[40.924232,55.043960],[40.923964,55.043754],[40.923890,55.043660],[40.923898,55.043538],[40.924060,55.043450],[40.924267,55.043485],[40.924513,55.043598],[40.924768,55.043675],[40.924875,55.043675],[40.924942,55.043636],[40.924933,55.043586],[40.924870,55.043538],[40.924474,55.043392],[40.924404,55.043267],[40.924611,55.042827],[40.924624,55.042711],[40.924563,55.042603],[40.924380,55.042413],[40.924049,55.042188],[40.923242,55.041717],[40.922992,55.041540],[40.922846,55.041410],[40.922778,55.041230],[40.922815,55.040430],[40.922750,55.040308],[40.922582,55.040212],[40.922234,55.040183],[40.921987,55.040232],[40.921785,55.040238],[40.921678,55.040179],[40.921434,55.039797],[40.921368,55.039462],[40.921305,55.039372],[40.921151,55.039349],[40.920898,55.039456],[40.920785,55.039489],[40.920706,55.039444],[40.920558,55.039213],[40.920320,55.039117],[40.920061,55.039144],[40.919643,55.039052],[40.919364,55.039057],[40.919074,55.038843],[40.918948,55.038781],[40.918693,55.038799],[40.918501,55.038887],[40.918294,55.039044],[40.918128,55.039082],[40.917427,55.039052],[40.917233,55.039148],[40.917117,55.039294],[40.917298,55.039670],[40.917346,55.039963],[40.917291,55.040162],[40.917156,55.040239],[40.916934,55.040243],[40.916760,55.040148],[40.916588,55.039814],[40.916130,55.039379],[40.915999,55.039189],[40.915960,55.038944],[40.915862,55.038783],[40.915581,55.038546],[40.915766,55.038420],[40.917825,55.036248],[40.918760,55.036785],[40.918490,55.037001],[40.919242,55.037843],[40.920235,55.038104],[40.921436,55.038482],[40.923650,55.040523],[40.925526,55.041995],[40.926933,55.042547],[40.928551,55.043931],[40.931075,55.045207],[40.931999,55.045950],[40.934834,55.046575],[40.937914,55.046927],[40.938324,55.043770],[40.939723,55.042937],[40.934669,55.041085],[40.935224,55.038837],[40.935341,55.037710],[40.934441,55.035754],[40.933942,55.034574],[40.931939,55.032967],[40.929375,55.031607],[40.927834,55.030127],[40.926897,55.02858],[40.925702,55.026492],[40.925985,55.025732],[40.927162,55.025626],[40.926737,55.025308],[40.926626,55.025131],[40.926718,55.024987],[40.926959,55.024867],[40.927840,55.024651],[40.928025,55.024503],[40.927945,55.024160],[40.927575,55.023888],[40.927131,55.023662],[40.926571,55.023475],[40.926349,55.023291],[40.925965,55.022781],[40.925634,55.022568],[40.925270,55.022407],[40.924863,55.022354],[40.924492,55.02239],[40.924174,55.022486],[40.924050,55.022432],[40.924013,55.0223],[40.924104,55.021880],[40.924050,55.021751],[40.923926,55.021675],[40.922932,55.021426],[40.922751,55.021279],[40.922629,55.021003],[40.922483,55.020899],[40.922276,55.020873],[40.921627,55.021114],[40.921339,55.021138],[40.921169,55.021020],[40.921202,55.020922],[40.921625,55.020643],[40.921638,55.020503],[40.921457,55.020463],[40.919700,55.020598],[40.919204,55.020573],[40.918907,55.020471],[40.918748,55.020308],[40.918739,55.020005],[40.918552,55.019777],[40.918075,55.019524],[40.917774,55.019216],[40.917632,55.018875],[40.917354,55.018647],[40.916794,55.018318],[40.916305,55.018081],[40.915772,55.017921],[40.914935,55.017887],[40.914667,55.017802],[40.914401,55.017659],[40.913795,55.017151],[40.913667,55.016928],[40.913752,55.016767],[40.914074,55.016432],[40.914002,55.016276],[40.913776,55.016184],[40.913301,55.016073],[40.913163,55.015991],[40.913089,55.015890],[40.912987,55.015406],[40.912773,55.015172],[40.912538,55.015049],[40.911989,55.014994],[40.911470,55.014823],[40.910860,55.014839],[40.910596,55.014795],[40.910089,55.014510],[40.909110,55.014174],[40.908655,55.014075],[40.908343,55.013879],[40.907966,55.013473],[40.907916,55.01332],[40.907966,55.013166],[40.908402,55.012722],[40.908378,55.012580],[40.907827,55.012158],[40.907474,55.012033],[40.906787,55.012018],[40.906685,55.011868],[40.920854,55.009881],[40.935847,55.007696],[40.935386,55.006533],[40.938696,55.006591],[40.944943,55.006881],[40.947631,55.003065],[40.949335,55.000879],[40.949762,55.000250],[40.951243,55.006288],[40.966784,55.004863],[40.982174,55.003415],[40.997968,55.001907],[40.994104,54.984906],[41.012897,54.983454],[41.011247,54.974408],[41.009539,54.965710],[41.007704,54.958443],[41.006942,54.956057],[40.998220,54.955670],[40.988756,54.955316],[40.985785,54.955232],[40.984713,54.950700],[40.974365,54.951615],[40.953165,54.953568],[40.938944,54.954895],[40.922582,54.956531],[40.919850,54.947224],[40.920520,54.947149],[40.918743,54.940188],[40.916447,54.931555],[40.914089,54.922530],[40.911720,54.913322],[40.880706,54.916313],[40.878575,54.908584],[40.873227,54.909081],[40.863189,54.910337],[40.859923,54.901190],[40.844396,54.902683],[40.828957,54.904318],[40.825283,54.898667],[40.822619,54.894765],[40.828598,54.894388],[40.840455,54.886703],[40.844362,54.882566],[40.845222,54.881583],[40.849609,54.877674],[40.853293,54.874569],[40.845095,54.871058],[40.838820,54.868584],[40.833175,54.866316],[40.827278,54.864053],[40.821942,54.861746],[40.818211,54.861444],[40.812397,54.861009],[40.806875,54.860482],[40.802067,54.860069],[40.795234,54.859506],[40.794036,54.859383],[40.788964,54.859046],[40.784739,54.858739],[40.781444,54.858327],[40.779519,54.858238],[40.775366,54.857835],[40.775747,54.858597],[40.776172,54.859666],[40.770863,54.860065],[40.748167,54.861708],[40.743663,54.862066],[40.721643,54.863661],[40.716629,54.864071],[40.702403,54.865049],[40.697091,54.865433],[40.696375,54.861975],[40.695744,54.859265],[40.694426,54.853235],[40.692490,54.844992],[40.689978,54.833458],[40.684748,54.810071],[40.684171,54.807381],[40.682746,54.801231],[40.681546,54.796614]]]}},{"type":"Feature","properties":{"level":2,"name":"Историческое поселение «Касимов»","note":"Уровень 2 — Приказ Минкультуры России № 2969 от 07.12.2015 (прил. 1, 3)","area_ha":361},"geometry":{"type":"Polygon","coordinates":[[[41.372541,54.940521],[41.379763,54.944492],[41.382513,54.942778],[41.389615,54.946277],[41.393770,54.943564],[41.394134,54.943731],[41.394958,54.946043],[41.395799,54.945968],[41.399873,54.943343],[41.406791,54.947085],[41.409719,54.945265],[41.400237,54.940197],[41.401164,54.939200],[41.404462,54.936998],[41.404726,54.936292],[41.406613,54.935621],[41.410698,54.933095],[41.408686,54.932067],[41.410057,54.931182],[41.406843,54.929526],[41.408744,54.928299],[41.408856,54.928172],[41.409529,54.927700],[41.410752,54.925696],[41.410712,54.925154],[41.410498,54.925139],[41.410359,54.925110],[41.410268,54.925045],[41.410241,54.924942],[41.410308,54.92485],[41.410351,54.924731],[41.410354,54.924575],[41.410388,54.924447],[41.410490,54.924295],[41.410581,54.923939],[41.410651,54.923872],[41.410692,54.923590],[41.410638,54.923486],[41.410557,54.923388],[41.410423,54.923288],[41.410279,54.923211],[41.409294,54.922824],[41.409087,54.922758],[41.408948,54.922690],[41.408875,54.922610],[41.408870,54.922534],[41.408911,54.922437],[41.409037,54.922317],[41.409208,54.922209],[41.409417,54.922134],[41.409651,54.922080],[41.409798,54.922061],[41.410059,54.922103],[41.410217,54.922177],[41.410335,54.922155],[41.410541,54.921885],[41.410673,54.921822],[41.410812,54.921791],[41.410898,54.921736],[41.411083,54.921446],[41.411067,54.921326],[41.413370,54.920660],[41.413876,54.917833],[41.414898,54.917226],[41.419303,54.917513],[41.420418,54.917727],[41.420922,54.916828],[41.420026,54.916636],[41.418157,54.914450],[41.418028,54.914262],[41.415013,54.914182],[41.414852,54.913879],[41.414563,54.913883],[41.407953,54.915038],[41.406963,54.915049],[41.406982,54.915057],[41.406842,54.915245],[41.406492,54.915470],[41.405975,54.915911],[41.405862,54.916174],[41.405831,54.916527],[41.405858,54.916724],[41.406206,54.917572],[41.406159,54.917879],[41.405254,54.919180],[41.402868,54.922399],[41.402573,54.923123],[41.401555,54.924170],[41.400562,54.924963],[41.396760,54.928698],[41.386849,54.93484],[41.384912,54.936001],[41.383562,54.936347],[41.383373,54.936347],[41.383132,54.936392],[41.383024,54.936515],[41.382907,54.936697],[41.380940,54.937361],[41.378475,54.938259],[41.377664,54.938509],[41.376068,54.939042],[41.374853,54.939375],[41.373516,54.939950],[41.372347,54.940315],[41.372541,54.940521]]]}},{"type":"Feature","properties":{"level":3,"name":"Граница проекта (между оврагами)","note":"Уровень 3 — запад: Никольский овраг; восток: Успенский и Ямской; юго-запад: Ока; север: ул. Академика Уткина → Карла Маркса → Карла Либкнехта → Советская","area_ha":49},"geometry":{"type":"Polygon","coordinates":[[[41.384856,54.937252],[41.385068,54.937301],[41.385590,54.937576],[41.386530,54.937915],[41.387058,54.938192],[41.387252,54.938233],[41.387644,54.938154],[41.388246,54.938338],[41.389334,54.938933],[41.389478,54.939048],[41.389478,54.939170],[41.389197,54.939399],[41.389152,54.939623],[41.389201,54.939732],[41.389492,54.939954],[41.389734,54.940212],[41.389779,54.940229],[41.389833,54.940229],[41.390070,54.940161],[41.390569,54.940384],[41.391083,54.940574],[41.392009,54.940741],[41.391683,54.941025],[41.391672,54.941056],[41.391691,54.941085],[41.392082,54.941247],[41.392621,54.941400],[41.393211,54.941596],[41.393302,54.941581],[41.396184,54.939822],[41.396994,54.939450],[41.397158,54.939331],[41.397225,54.939219],[41.397148,54.938754],[41.396906,54.938200],[41.396878,54.937920],[41.396535,54.937784],[41.395889,54.937721],[41.395547,54.937274],[41.395367,54.936878],[41.395418,54.935924],[41.395256,54.935645],[41.395207,54.935622],[41.395143,54.935622],[41.394856,54.935720],[41.394029,54.935718],[41.394878,54.935225],[41.395191,54.934797],[41.395939,54.934234],[41.396089,54.934204],[41.396099,54.934149],[41.391767,54.931834],[41.391674,54.931850],[41.386849,54.934839],[41.384914,54.936000],[41.383908,54.936266],[41.383896,54.936321],[41.384630,54.937267],[41.384670,54.937289],[41.384725,54.937293],[41.384856,54.937252]]]}}]}