{"type":"FeatureCollection","features":[{"type":"Feature","properties":{"levels":3,"year":1917,"src":"МКД (mingkh)","address":"Советская улица, 8","tall":false,"in_settlement":true,"in_core":true},"geometry":{"type":"Polygon","coordinates":[[[41.392719,54.937859],[41.393024,54.938020],[41.393185,54.937920],[41.393049,54.937849],[41.392999,54.93788],[41.392925,54.937840],[41.392951,54.937824],[41.392855,54.937774],[41.392719,54.937859]]]}},{"type":"Feature","properties":{"levels":2,"year":1917,"src":"МКД (mingkh)","address":"Советская улица, 6","tall":false,"in_settlement":true,"in_core":true},"geometry":{"type":"Polygon","coordinates":[[[41.392719,54.937859],[41.392834,54.937787],[41.392656,54.937693],[41.392540,54.937765],[41.392719,54.937859]]]}},{"type":"Feature","properties":{"levels":2,"year":1917,"src":"МКД (mingkh)","address":"площадь Победы, 9","tall":false,"in_settlement":true,"in_core":false},"geometry":{"type":"Polygon","coordinates":[[[41.397594,54.933268],[41.397621,54.933291],[41.397598,54.93332],[41.397890,54.933314],[41.397881,54.933161],[41.397584,54.933166],[41.397594,54.933268]]]}},{"type":"Feature","properties":{"levels":2,"year":1917,"src":"МКД (mingkh)","address":"Советская улица, 5","tall":false,"in_settlement":true,"in_core":true},"geometry":{"type":"Polygon","coordinates":[[[41.392315,54.938142],[41.392477,54.938040],[41.392132,54.937866],[41.391899,54.938019],[41.391991,54.938065],[41.392065,54.938016],[41.392315,54.938142]]]}},{"type":"Feature","properties":{"levels":3,"year":null,"src":"OSM","address":"Советская улица, 7","tall":false,"in_settlement":true,"in_core":true},"geometry":{"type":"Polygon","coordinates":[[[41.392477,54.938040],[41.392288,54.938159],[41.392385,54.938208],[41.392300,54.938264],[41.392485,54.938357],[41.392735,54.938196],[41.392727,54.938166],[41.392477,54.938040]]]}},{"type":"Feature","properties":{"levels":2,"year":null,"src":"OSM","address":null,"tall":false,"in_settlement":true,"in_core":true},"geometry":{"type":"Polygon","coordinates":[[[41.391345,54.937760],[41.391458,54.937821],[41.391738,54.937650],[41.391245,54.937384],[41.390950,54.937564],[41.391064,54.937626],[41.391250,54.937513],[41.391516,54.937656],[41.391345,54.937760]]]}},{"type":"Feature","properties":{"levels":2,"year":null,"src":"OSM","address":"улица Большакова, 33","tall":false,"in_settlement":true,"in_core":false},"geometry":{"type":"Polygon","coordinates":[[[41.399597,54.934205],[41.399835,54.934330],[41.399972,54.934244],[41.400211,54.934369],[41.400337,54.934289],[41.399876,54.934052],[41.399829,54.934059],[41.399597,54.934205]]]}},{"type":"Feature","properties":{"levels":2,"year":null,"src":"OSM","address":"Татарская улица, 7","tall":false,"in_settlement":true,"in_core":false},"geometry":{"type":"Polygon","coordinates":[[[41.402195,54.935829],[41.402347,54.935902],[41.402564,54.935755],[41.403062,54.935998],[41.402876,54.936124],[41.403013,54.936190],[41.403196,54.936066],[41.403222,54.936079],[41.403402,54.935957],[41.402518,54.935526],[41.402349,54.935640],[41.402421,54.935676],[41.402195,54.935829]]]}},{"type":"Feature","properties":{"levels":2,"year":1977,"src":"МКД (mingkh)","address":"улица Володарского, 4","tall":false,"in_settlement":true,"in_core":false},"geometry":{"type":"Polygon","coordinates":[[[41.394929,54.943893],[41.395660,54.943807],[41.3957,54.943919],[41.394968,54.944004],[41.394929,54.943893]]]}},{"type":"Feature","properties":{"levels":5,"year":1989,"src":"МКД (mingkh)","address":"улица 50 лет СССР, 18","tall":true,"in_settlement":false,"in_core":false},"geometry":{"type":"Polygon","coordinates":[[[41.413654,54.945927],[41.413819,54.946011],[41.414731,54.945414],[41.414565,54.945330],[41.413654,54.945927]]]}},{"type":"Feature","properties":{"levels":5,"year":2009,"src":"МКД (mingkh)","address":"улица 50 лет СССР, 2Б","tall":true,"in_settlement":false,"in_core":false},"geometry":{"type":"Polygon","coordinates":[[[41.409857,54.942727],[41.410034,54.942817],[41.410514,54.942505],[41.410337,54.942416],[41.409857,54.942727]]]}},{"type":"Feature","properties":{"levels":5,"year":1983,"src":"МКД (mingkh)","address":"улица 50 лет СССР, 12","tall":true,"in_settlement":false,"in_core":false},"geometry":{"type":"Polygon","coordinates":[[[41.412792,54.942964],[41.412085,54.943408],[41.412248,54.943494],[41.413110,54.942953],[41.412708,54.942741],[41.412553,54.942839],[41.412792,54.942964]]]}},{"type":"Feature","properties":{"levels":5,"year":1980,"src":"МКД (mingkh)","address":"улица 50 лет СССР, 6","tall":true,"in_settlement":false,"in_core":false},"geometry":{"type":"Polygon","coordinates":[[[41.410789,54.942877],[41.410945,54.942952],[41.411876,54.942314],[41.411720,54.942239],[41.410789,54.942877]]]}},{"type":"Feature","properties":{"levels":5,"year":1994,"src":"МКД (mingkh)","address":"улица 50 лет СССР, 2А","tall":true,"in_settlement":false,"in_core":false},"geometry":{"type":"Polygon","coordinates":[[[41.412296,54.941153],[41.410365,54.942347],[41.410553,54.942448],[41.412327,54.941351],[41.412555,54.941472],[41.412712,54.941375],[41.412296,54.941153]]]}},{"type":"Feature","properties":{"levels":5,"year":1973,"src":"МКД (mingkh)","address":"улица 50 лет СССР, 8","tall":true,"in_settlement":false,"in_core":false},"geometry":{"type":"Polygon","coordinates":[[[41.410865,54.943107],[41.411948,54.943668],[41.412109,54.943566],[41.411026,54.943004],[41.410865,54.943107]]]}},{"type":"Feature","properties":{"levels":2,"year":null,"src":"OSM","address":"улица 50 лет СССР, 10","tall":false,"in_settlement":false,"in_core":false},"geometry":{"type":"Polygon","coordinates":[[[41.412663,54.943798],[41.412719,54.943966],[41.412950,54.943940],[41.412990,54.944058],[41.413186,54.944036],[41.413150,54.943928],[41.413382,54.943902],[41.413412,54.943993],[41.413605,54.943971],[41.413570,54.943868],[41.413789,54.943843],[41.413738,54.943692],[41.413509,54.943718],[41.413539,54.943807],[41.413347,54.943828],[41.413314,54.943730],[41.413138,54.943749],[41.413173,54.943855],[41.412914,54.943884],[41.412878,54.943774],[41.412663,54.943798]]]}},{"type":"Feature","properties":{"levels":2,"year":null,"src":"OSM","address":null,"tall":false,"in_settlement":false,"in_core":false},"geometry":{"type":"Polygon","coordinates":[[[41.406298,54.940684],[41.406551,54.940513],[41.406841,54.940655],[41.406588,54.940826],[41.406298,54.940684]]]}},{"type":"Feature","properties":{"levels":5,"year":1992,"src":"МКД (mingkh)","address":"улица Кокорева, 8","tall":true,"in_settlement":false,"in_core":false},"geometry":{"type":"Polygon","coordinates":[[[41.403668,54.940278],[41.404034,54.940457],[41.404827,54.939923],[41.404697,54.939859],[41.404011,54.940322],[41.403775,54.940206],[41.403668,54.940278]]]}},{"type":"Feature","properties":{"levels":5,"year":1988,"src":"МКД (mingkh)","address":"улица Кокорева, 10","tall":true,"in_settlement":false,"in_core":false},"geometry":{"type":"Polygon","coordinates":[[[41.405011,54.939807],[41.405838,54.939269],[41.405427,54.939061],[41.405296,54.939146],[41.405572,54.939286],[41.404877,54.939739],[41.405011,54.939807]]]}},{"type":"Feature","properties":{"levels":5,"year":1992,"src":"МКД (mingkh)","address":"улица Кокорева, 4","tall":true,"in_settlement":true,"in_core":false},"geometry":{"type":"Polygon","coordinates":[[[41.400798,54.940923],[41.401928,54.941498],[41.402066,54.941408],[41.400937,54.940834],[41.400798,54.940923]]]}},{"type":"Feature","properties":{"levels":4,"year":1957,"src":"МКД (mingkh)","address":"улица Ленина, 1А","tall":true,"in_settlement":false,"in_core":false},"geometry":{"type":"Polygon","coordinates":[[[41.401049,54.939719],[41.401407,54.939449],[41.401639,54.939551],[41.401282,54.939821],[41.401049,54.939719]]]}},{"type":"Feature","properties":{"levels":2,"year":1958,"src":"МКД (mingkh)","address":"улица Ленина, 1Б","tall":false,"in_settlement":false,"in_core":false},"geometry":{"type":"Polygon","coordinates":[[[41.400646,54.940144],[41.400652,54.940200],[41.400907,54.940317],[41.401001,54.940249],[41.400841,54.940175],[41.401007,54.940056],[41.400870,54.939993],[41.400646,54.940144]]]}},{"type":"Feature","properties":{"levels":2,"year":1917,"src":"МКД (mingkh)","address":"переулок Ленина, 4","tall":false,"in_settlement":false,"in_core":false},"geometry":{"type":"Polygon","coordinates":[[[41.404852,54.938429],[41.404977,54.938496],[41.405049,54.938451],[41.404924,54.938385],[41.404852,54.938429]]]}},{"type":"Feature","properties":{"levels":2,"year":2015,"src":"МКД (mingkh)","address":"переулок Ленина, 8/14","tall":false,"in_settlement":false,"in_core":false},"geometry":{"type":"Polygon","coordinates":[[[41.405751,54.938896],[41.405863,54.938953],[41.405968,54.938885],[41.405857,54.938828],[41.405751,54.938896]]]}},{"type":"Feature","properties":{"levels":2,"year":1989,"src":"МКД (mingkh)","address":"улица Ленина, 23А","tall":false,"in_settlement":false,"in_core":false},"geometry":{"type":"Polygon","coordinates":[[[41.408830,54.935808],[41.409440,54.936111],[41.409585,54.936015],[41.408975,54.935711],[41.408830,54.935808]]]}},{"type":"Feature","properties":{"levels":1,"year":1917,"src":"МКД (mingkh)","address":"улица Ленина, 5","tall":false,"in_settlement":false,"in_core":false},"geometry":{"type":"Polygon","coordinates":[[[41.402886,54.938492],[41.403172,54.938629],[41.403314,54.938532],[41.403028,54.938394],[41.402886,54.938492]]]}},{"type":"Feature","properties":{"levels":3,"year":2018,"src":"МКД (mingkh)","address":"улица Ленина, 7А","tall":false,"in_settlement":false,"in_core":false},"geometry":{"type":"Polygon","coordinates":[[[41.403110,54.938339],[41.403428,54.938515],[41.403660,54.938377],[41.403553,54.938318],[41.403439,54.938386],[41.403322,54.938321],[41.403416,54.938265],[41.403323,54.938213],[41.403110,54.938339]]]}},{"type":"Feature","properties":{"levels":5,"year":1988,"src":"МКД (mingkh)","address":"Татарская улица, 15","tall":true,"in_settlement":false,"in_core":false},"geometry":{"type":"Polygon","coordinates":[[[41.406566,54.938004],[41.406933,54.937759],[41.407096,54.937840],[41.406729,54.938085],[41.406566,54.938004]]]}},{"type":"Feature","properties":{"levels":2,"year":1964,"src":"МКД (mingkh)","address":"переулок Ленина, 7А","tall":false,"in_settlement":false,"in_core":false},"geometry":{"type":"Polygon","coordinates":[[[41.404998,54.938884],[41.405254,54.939011],[41.405372,54.938933],[41.405116,54.938806],[41.404998,54.938884]]]}},{"type":"Feature","properties":{"levels":5,"year":1981,"src":"МКД (mingkh)","address":"улица Кокорева, 2","tall":true,"in_settlement":true,"in_core":false},"geometry":{"type":"Polygon","coordinates":[[[41.401377,54.942056],[41.402084,54.941598],[41.402228,54.941672],[41.401522,54.942129],[41.401377,54.942056]]]}},{"type":"Feature","properties":{"levels":2,"year":null,"src":"OSM","address":"Советская улица, 36","tall":false,"in_settlement":true,"in_core":false},"geometry":{"type":"Polygon","coordinates":[[[41.399603,54.941422],[41.399762,54.941319],[41.399921,54.941401],[41.399765,54.941503],[41.399603,54.941422]]]}},{"type":"Feature","properties":{"levels":1,"year":null,"src":"OSM","address":"улица Нариманова, 40Г","tall":false,"in_settlement":false,"in_core":false},"geometry":{"type":"Polygon","coordinates":[[[41.414213,54.933914],[41.414785,54.933981],[41.414828,54.933861],[41.414256,54.933794],[41.414213,54.933914]]]}},{"type":"Feature","properties":{"levels":3,"year":1996,"src":"МКД (mingkh)","address":"улица Нариманова, 47","tall":false,"in_settlement":false,"in_core":false},"geometry":{"type":"Polygon","coordinates":[[[41.412425,54.935362],[41.413007,54.935652],[41.413142,54.935563],[41.412559,54.935273],[41.412425,54.935362]]]}},{"type":"Feature","properties":{"levels":5,"year":1980,"src":"МКД (mingkh)","address":"улица Ленина, 30Б","tall":true,"in_settlement":true,"in_core":false},"geometry":{"type":"Polygon","coordinates":[[[41.404727,54.936220],[41.405535,54.935749],[41.405188,54.935553],[41.404877,54.935734],[41.404796,54.935688],[41.404506,54.935857],[41.404599,54.935910],[41.404392,54.936030],[41.404727,54.936220]]]}},{"type":"Feature","properties":{"levels":1,"year":1909,"src":"МКД (mingkh)","address":"Татарская улица, 22","tall":false,"in_settlement":true,"in_core":false},"geometry":{"type":"Polygon","coordinates":[[[41.404556,54.935610],[41.404635,54.935462],[41.404758,54.935483],[41.404679,54.935632],[41.404556,54.935610]]]}},{"type":"Feature","properties":{"levels":1,"year":null,"src":"OSM","address":"улица Воеводина, 17","tall":false,"in_settlement":true,"in_core":false},"geometry":{"type":"Polygon","coordinates":[[[41.404455,54.934935],[41.404592,54.934858],[41.404500,54.934804],[41.404362,54.934881],[41.404455,54.934935]]]}},{"type":"Feature","properties":{"levels":4,"year":1962,"src":"МКД (mingkh)","address":"улица Чижова, 8Г","tall":true,"in_settlement":true,"in_core":false},"geometry":{"type":"Polygon","coordinates":[[[41.407715,54.930788],[41.408073,54.930561],[41.407935,54.930489],[41.407577,54.930716],[41.407715,54.930788]]]}},{"type":"Feature","properties":{"levels":4,"year":1963,"src":"МКД (mingkh)","address":"улица Чижова, 12","tall":true,"in_settlement":true,"in_core":false},"geometry":{"type":"Polygon","coordinates":[[[41.407848,54.930258],[41.408290,54.930477],[41.408420,54.930391],[41.407978,54.930171],[41.407848,54.930258]]]}},{"type":"Feature","properties":{"levels":3,"year":1965,"src":"МКД (mingkh)","address":"улица Чижова, 15А","tall":false,"in_settlement":false,"in_core":false},"geometry":{"type":"Polygon","coordinates":[[[41.408182,54.930041],[41.408610,54.930250],[41.408747,54.930157],[41.408318,54.929948],[41.408182,54.930041]]]}},{"type":"Feature","properties":{"levels":3,"year":1965,"src":"МКД (mingkh)","address":"улица Чижова, 15Б","tall":false,"in_settlement":false,"in_core":false},"geometry":{"type":"Polygon","coordinates":[[[41.407698,54.929774],[41.408056,54.929965],[41.408210,54.929870],[41.407852,54.929679],[41.407698,54.929774]]]}},{"type":"Feature","properties":{"levels":3,"year":null,"src":"OSM","address":"улица Большакова, 51","tall":false,"in_settlement":true,"in_core":false},"geometry":{"type":"Polygon","coordinates":[[[41.406136,54.930852],[41.406738,54.930466],[41.406599,54.930394],[41.406347,54.930556],[41.406192,54.930476],[41.406577,54.930229],[41.406424,54.930151],[41.405561,54.930705],[41.405714,54.930783],[41.406089,54.930542],[41.406242,54.930621],[41.405996,54.93078],[41.406136,54.930852]]]}},{"type":"Feature","properties":{"levels":4,"year":1965,"src":"МКД (mingkh)","address":"улица Илюшкина, 42","tall":true,"in_settlement":true,"in_core":false},"geometry":{"type":"Polygon","coordinates":[[[41.407462,54.930790],[41.407113,54.931012],[41.407246,54.931082],[41.407596,54.930859],[41.407462,54.930790]]]}},{"type":"Feature","properties":{"levels":3,"year":null,"src":"OSM","address":null,"tall":false,"in_settlement":true,"in_core":false},"geometry":{"type":"Polygon","coordinates":[[[41.398795,54.933059],[41.398498,54.932905],[41.398768,54.932734],[41.398955,54.932831],[41.398861,54.932890],[41.398970,54.932947],[41.398795,54.933059]]]}},{"type":"Feature","properties":{"levels":2,"year":null,"src":"OSM","address":"22А","tall":false,"in_settlement":true,"in_core":false},"geometry":{"type":"Polygon","coordinates":[[[41.399873,54.933605],[41.400120,54.933459],[41.400241,54.933527],[41.399994,54.933672],[41.399873,54.933605]]]}},{"type":"Feature","properties":{"levels":1,"year":null,"src":"OSM","address":"улица Ленина, 42","tall":false,"in_settlement":true,"in_core":false},"geometry":{"type":"Polygon","coordinates":[[[41.407620,54.934809],[41.407762,54.934722],[41.407677,54.934676],[41.407536,54.934764],[41.407620,54.934809]]]}},{"type":"Feature","properties":{"levels":1,"year":2003,"src":"МКД (mingkh)","address":"улица Ленина, 48","tall":false,"in_settlement":true,"in_core":false},"geometry":{"type":"Polygon","coordinates":[[[41.408609,54.934206],[41.408792,54.934096],[41.408564,54.933971],[41.408457,54.934036],[41.408544,54.934083],[41.408468,54.934129],[41.408609,54.934206]]]}},{"type":"Feature","properties":{"levels":2,"year":null,"src":"OSM","address":"улица Уткина, 5","tall":false,"in_settlement":true,"in_core":true},"geometry":{"type":"Polygon","coordinates":[[[41.390089,54.939857],[41.390311,54.939708],[41.389842,54.939478],[41.389654,54.939604],[41.389601,54.939578],[41.389369,54.939734],[41.389302,54.939701],[41.389211,54.939762],[41.389496,54.939903],[41.389786,54.939708],[41.390089,54.939857]]]}},{"type":"Feature","properties":{"levels":2,"year":null,"src":"OSM","address":"Школьный переулок, 1","tall":false,"in_settlement":true,"in_core":true},"geometry":{"type":"Polygon","coordinates":[[[41.393043,54.936681],[41.393241,54.936556],[41.393107,54.936485],[41.393289,54.936371],[41.393334,54.936395],[41.393477,54.936306],[41.39324,54.936180],[41.392716,54.936508],[41.393043,54.936681]]]}},{"type":"Feature","properties":{"levels":2,"year":null,"src":"OSM","address":"улица Губарева, 2","tall":false,"in_settlement":true,"in_core":true},"geometry":{"type":"Polygon","coordinates":[[[41.39251,54.936342],[41.393047,54.936026],[41.392945,54.935969],[41.392585,54.936180],[41.392444,54.936101],[41.392266,54.936206],[41.39251,54.936342]]]}},{"type":"Feature","properties":{"levels":5,"year":1970,"src":"МКД (mingkh)","address":"улица Большакова, 55","tall":true,"in_settlement":false,"in_core":false},"geometry":{"type":"Polygon","coordinates":[[[41.408476,54.929645],[41.408606,54.929561],[41.407809,54.929158],[41.407679,54.929243],[41.408476,54.929645]]]}},{"type":"Feature","properties":{"levels":4,"year":1976,"src":"МКД (mingkh)","address":"улица Чижова, 17","tall":true,"in_settlement":true,"in_core":false},"geometry":{"type":"Polygon","coordinates":[[[41.406839,54.928583],[41.406647,54.928488],[41.406825,54.928369],[41.407017,54.928464],[41.406839,54.928583]]]}},{"type":"Feature","properties":{"levels":3,"year":1989,"src":"МКД (mingkh)","address":"площадь Чижова, 15","tall":false,"in_settlement":true,"in_core":false},"geometry":{"type":"Polygon","coordinates":[[[41.407728,54.928911],[41.407582,54.928838],[41.408115,54.928488],[41.408261,54.928562],[41.407728,54.928911]]]}},{"type":"Feature","properties":{"levels":3,"year":1990,"src":"МКД (mingkh)","address":"площадь Чижова, 15В","tall":false,"in_settlement":true,"in_core":false},"geometry":{"type":"Polygon","coordinates":[[[41.407247,54.928659],[41.407089,54.928575],[41.407639,54.928234],[41.407797,54.928318],[41.407247,54.928659]]]}},{"type":"Feature","properties":{"levels":4,"year":1965,"src":"МКД (mingkh)","address":"площадь Чижова, 14А","tall":true,"in_settlement":true,"in_core":false},"geometry":{"type":"Polygon","coordinates":[[[41.404820,54.929738],[41.404680,54.929662],[41.405052,54.929435],[41.405193,54.929511],[41.404820,54.929738]]]}},{"type":"Feature","properties":{"levels":4,"year":2004,"src":"МКД (mingkh)","address":"площадь Чижова, 14","tall":true,"in_settlement":true,"in_core":false},"geometry":{"type":"Polygon","coordinates":[[[41.405288,54.929473],[41.405132,54.929391],[41.405484,54.929168],[41.405640,54.929250],[41.405288,54.929473]]]}},{"type":"Feature","properties":{"levels":1,"year":1970,"src":"МКД (mingkh)","address":"улица Воровского, 28А","tall":false,"in_settlement":true,"in_core":false},"geometry":{"type":"Polygon","coordinates":[[[41.395018,54.932723],[41.394881,54.932651],[41.395212,54.932443],[41.395349,54.932515],[41.395018,54.932723]]]}},{"type":"Feature","properties":{"levels":2,"year":null,"src":"OSM","address":"улица Горького, 5А","tall":false,"in_settlement":false,"in_core":false},"geometry":{"type":"Polygon","coordinates":[[[41.402928,54.940406],[41.402757,54.940313],[41.402875,54.940233],[41.403063,54.940323],[41.402928,54.940406]]]}},{"type":"Feature","properties":{"levels":2,"year":null,"src":"OSM","address":"Советская улица, 126","tall":false,"in_settlement":true,"in_core":false},"geometry":{"type":"Polygon","coordinates":[[[41.408275,54.946085],[41.408125,54.946002],[41.408352,54.945867],[41.408502,54.945951],[41.408275,54.946085]]]}},{"type":"Feature","properties":{"levels":2,"year":null,"src":"OSM","address":"Советская улица, 105","tall":false,"in_settlement":true,"in_core":false},"geometry":{"type":"Polygon","coordinates":[[[41.406113,54.946196],[41.405921,54.946089],[41.406226,54.945908],[41.406115,54.945846],[41.406506,54.945613],[41.407007,54.945891],[41.406536,54.946171],[41.406339,54.946062],[41.406113,54.946196]]]}},{"type":"Feature","properties":{"levels":3,"year":1958,"src":"МКД (mingkh)","address":"улица Дзержинского, 10","tall":false,"in_settlement":true,"in_core":false},"geometry":{"type":"Polygon","coordinates":[[[41.385828,54.941036],[41.385236,54.940729],[41.385376,54.940640],[41.385968,54.940947],[41.385828,54.941036]]]}},{"type":"Feature","properties":{"levels":3,"year":1960,"src":"МКД (mingkh)","address":"улица Дзержинского, 12","tall":false,"in_settlement":true,"in_core":false},"geometry":{"type":"Polygon","coordinates":[[[41.386430,54.941355],[41.386020,54.941137],[41.386177,54.941039],[41.386587,54.941257],[41.386430,54.941355]]]}},{"type":"Feature","properties":{"levels":3,"year":1961,"src":"МКД (mingkh)","address":"Школьный переулок, 4","tall":false,"in_settlement":true,"in_core":true},"geometry":{"type":"Polygon","coordinates":[[[41.393572,54.937348],[41.393169,54.937135],[41.393310,54.937047],[41.393713,54.937260],[41.393572,54.937348]]]}},{"type":"Feature","properties":{"levels":3,"year":1917,"src":"МКД (mingkh)","address":"Соборная площадь, 15","tall":false,"in_settlement":true,"in_core":true},"geometry":{"type":"Polygon","coordinates":[[[41.389423,54.937905],[41.389033,54.937713],[41.389228,54.937583],[41.389617,54.937775],[41.389423,54.937905]]]}},{"type":"Feature","properties":{"levels":3,"year":1917,"src":"МКД (mingkh)","address":"Соборная площадь, 17","tall":false,"in_settlement":true,"in_core":true},"geometry":{"type":"Polygon","coordinates":[[[41.390232,54.938278],[41.390387,54.938175],[41.390140,54.938053],[41.389897,54.938214],[41.389991,54.938261],[41.390079,54.938202],[41.390232,54.938278]]]}},{"type":"Feature","properties":{"levels":2,"year":1917,"src":"МКД (mingkh)","address":"2-й переулок Воровского, 3","tall":false,"in_settlement":true,"in_core":false},"geometry":{"type":"Polygon","coordinates":[[[41.397781,54.929978],[41.397885,54.929887],[41.397982,54.929933],[41.397873,54.930023],[41.397781,54.929978]]]}},{"type":"Feature","properties":{"levels":2,"year":1917,"src":"МКД (mingkh)","address":"улица Рязанский Спуск, 5","tall":false,"in_settlement":true,"in_core":true},"geometry":{"type":"Polygon","coordinates":[[[41.386470,54.936634],[41.386813,54.936668],[41.386839,54.936581],[41.386496,54.936547],[41.386470,54.936634]]]}},{"type":"Feature","properties":{"levels":2,"year":null,"src":"OSM","address":null,"tall":false,"in_settlement":false,"in_core":false},"geometry":{"type":"Polygon","coordinates":[[[41.390663,54.946793],[41.390737,54.946707],[41.391154,54.946826],[41.391080,54.946911],[41.390663,54.946793]]]}},{"type":"Feature","properties":{"levels":2,"year":null,"src":"OSM","address":null,"tall":false,"in_settlement":false,"in_core":false},"geometry":{"type":"Polygon","coordinates":[[[41.389866,54.946547],[41.389957,54.946459],[41.390334,54.946588],[41.390243,54.946676],[41.389866,54.946547]]]}},{"type":"Feature","properties":{"levels":2,"year":null,"src":"OSM","address":null,"tall":false,"in_settlement":false,"in_core":false},"geometry":{"type":"Polygon","coordinates":[[[41.389330,54.946759],[41.389679,54.946535],[41.389545,54.946466],[41.389196,54.946690],[41.389330,54.946759]]]}},{"type":"Feature","properties":{"levels":1,"year":null,"src":"OSM","address":"улица Академика В.Ф.Уткина, 17","tall":false,"in_settlement":true,"in_core":false},"geometry":{"type":"Polygon","coordinates":[[[41.386684,54.942053],[41.386950,54.941900],[41.386856,54.941846],[41.386590,54.941999],[41.386684,54.942053]]]}},{"type":"Feature","properties":{"levels":5,"year":1979,"src":"МКД (mingkh)","address":"улица Ленина, 56А","tall":true,"in_settlement":false,"in_core":false},"geometry":{"type":"Polygon","coordinates":[[[41.409218,54.932280],[41.40935,54.932198],[41.410200,54.932650],[41.410069,54.932731],[41.409218,54.932280]]]}},{"type":"Feature","properties":{"levels":4,"year":1974,"src":"МКД (mingkh)","address":"улица Фёдоровой, 25","tall":true,"in_settlement":true,"in_core":false},"geometry":{"type":"Polygon","coordinates":[[[41.408354,54.932353],[41.408745,54.932106],[41.408864,54.932169],[41.408473,54.932416],[41.408354,54.932353]]]}},{"type":"Feature","properties":{"levels":2,"year":null,"src":"OSM","address":"улица Илюшкина, 24","tall":false,"in_settlement":true,"in_core":false},"geometry":{"type":"Polygon","coordinates":[[[41.402903,54.933654],[41.403130,54.933533],[41.403257,54.933612],[41.403029,54.933733],[41.402903,54.933654]]]}},{"type":"Feature","properties":{"levels":2,"year":1917,"src":"МКД (mingkh)","address":"улица Нариманова, 27","tall":false,"in_settlement":true,"in_core":false},"geometry":{"type":"Polygon","coordinates":[[[41.407224,54.932725],[41.407384,54.932625],[41.407203,54.932529],[41.407043,54.932628],[41.407224,54.932725]]]}},{"type":"Feature","properties":{"levels":1,"year":null,"src":"OSM","address":"улица Воровского, 64","tall":false,"in_settlement":true,"in_core":false},"geometry":{"type":"Polygon","coordinates":[[[41.398890,54.928944],[41.398791,54.928877],[41.398985,54.928777],[41.399086,54.928847],[41.398890,54.928944]]]}},{"type":"Feature","properties":{"levels":1,"year":null,"src":"OSM","address":"улица Воровского, 62","tall":false,"in_settlement":true,"in_core":false},"geometry":{"type":"Polygon","coordinates":[[[41.399323,54.929053],[41.399416,54.928986],[41.399556,54.929047],[41.399470,54.929117],[41.399323,54.929053]]]}},{"type":"Feature","properties":{"levels":3,"year":null,"src":"OSM","address":"улица Воровского, 60","tall":false,"in_settlement":true,"in_core":false},"geometry":{"type":"Polygon","coordinates":[[[41.399600,54.929982],[41.399691,54.929925],[41.399544,54.929837],[41.399448,54.929896],[41.399600,54.929982]]]}},{"type":"Feature","properties":{"levels":1,"year":null,"src":"OSM","address":"2-й переулок Воровского, 9","tall":false,"in_settlement":true,"in_core":false},"geometry":{"type":"Polygon","coordinates":[[[41.398914,54.929328],[41.399028,54.929253],[41.398927,54.929202],[41.398813,54.929275],[41.398914,54.929328]]]}},{"type":"Feature","properties":{"levels":1,"year":null,"src":"OSM","address":"улица Воровского, 38","tall":false,"in_settlement":true,"in_core":false},"geometry":{"type":"Polygon","coordinates":[[[41.396501,54.931006],[41.396624,54.930942],[41.396490,54.930872],[41.396378,54.930933],[41.396501,54.931006]]]}},{"type":"Feature","properties":{"levels":1,"year":null,"src":"OSM","address":"улица Воровского, 32","tall":false,"in_settlement":true,"in_core":false},"geometry":{"type":"Polygon","coordinates":[[[41.396664,54.931065],[41.396752,54.931012],[41.396662,54.930963],[41.396574,54.931017],[41.396664,54.931065]]]}},{"type":"Feature","properties":{"levels":1,"year":null,"src":"OSM","address":"улица Воровского, 46","tall":false,"in_settlement":true,"in_core":false},"geometry":{"type":"Polygon","coordinates":[[[41.397742,54.931085],[41.397872,54.931002],[41.397776,54.930952],[41.397698,54.931006],[41.397725,54.931020],[41.397673,54.931054],[41.397742,54.931085]]]}},{"type":"Feature","properties":{"levels":1,"year":null,"src":"OSM","address":"улица Воровского, 48","tall":false,"in_settlement":true,"in_core":false},"geometry":{"type":"Polygon","coordinates":[[[41.397857,54.930926],[41.397942,54.930964],[41.398082,54.930864],[41.397957,54.930811],[41.397903,54.930855],[41.397930,54.930868],[41.397857,54.930926]]]}},{"type":"Feature","properties":{"levels":1,"year":null,"src":"OSM","address":"улица Воровского, 39","tall":false,"in_settlement":true,"in_core":false},"geometry":{"type":"Polygon","coordinates":[[[41.398200,54.931058],[41.398286,54.930995],[41.398430,54.931070],[41.398350,54.931130],[41.398200,54.931058]]]}},{"type":"Feature","properties":{"levels":1,"year":null,"src":"OSM","address":"переулок Губарева, 1/41","tall":false,"in_settlement":true,"in_core":false},"geometry":{"type":"Polygon","coordinates":[[[41.398794,54.930888],[41.398900,54.930822],[41.398779,54.930766],[41.398679,54.930835],[41.398794,54.930888]]]}},{"type":"Feature","properties":{"levels":1,"year":null,"src":"OSM","address":"улица Воровского, 50","tall":false,"in_settlement":true,"in_core":false},"geometry":{"type":"Polygon","coordinates":[[[41.398503,54.930701],[41.398395,54.930786],[41.398266,54.930735],[41.398374,54.930648],[41.398503,54.930701]]]}},{"type":"Feature","properties":{"levels":1,"year":null,"src":"OSM","address":"улица Воровского, 52","tall":false,"in_settlement":true,"in_core":false},"geometry":{"type":"Polygon","coordinates":[[[41.398620,54.930659],[41.398705,54.930595],[41.398567,54.930532],[41.398481,54.930593],[41.398620,54.930659]]]}},{"type":"Feature","properties":{"levels":2,"year":null,"src":"OSM","address":"улица Воровского, 54","tall":false,"in_settlement":true,"in_core":false},"geometry":{"type":"Polygon","coordinates":[[[41.398612,54.930438],[41.398821,54.930540],[41.398947,54.930444],[41.398734,54.930346],[41.398612,54.930438]]]}},{"type":"Feature","properties":{"levels":1,"year":null,"src":"OSM","address":"улица Воровского, 56","tall":false,"in_settlement":true,"in_core":false},"geometry":{"type":"Polygon","coordinates":[[[41.399126,54.930325],[41.399260,54.930227],[41.399129,54.930162],[41.398994,54.930266],[41.399126,54.930325]]]}},{"type":"Feature","properties":{"levels":1,"year":null,"src":"OSM","address":"улица Воровского, 58","tall":false,"in_settlement":true,"in_core":false},"geometry":{"type":"Polygon","coordinates":[[[41.399356,54.930140],[41.399464,54.930070],[41.399313,54.930001],[41.399212,54.930074],[41.399356,54.930140]]]}},{"type":"Feature","properties":{"levels":1,"year":null,"src":"OSM","address":"улица Воровского, 43","tall":false,"in_settlement":true,"in_core":false},"geometry":{"type":"Polygon","coordinates":[[[41.399000,54.930636],[41.399120,54.930556],[41.399228,54.930607],[41.399101,54.930690],[41.399000,54.930636]]]}},{"type":"Feature","properties":{"levels":1,"year":null,"src":"OSM","address":"улица Воровского, 45","tall":false,"in_settlement":true,"in_core":false},"geometry":{"type":"Polygon","coordinates":[[[41.399393,54.930389],[41.399283,54.930465],[41.399505,54.930571],[41.399558,54.930531],[41.399418,54.930466],[41.399471,54.930429],[41.399393,54.930389]]]}},{"type":"Feature","properties":{"levels":1,"year":null,"src":"OSM","address":"улица Воровского, 47","tall":false,"in_settlement":true,"in_core":false},"geometry":{"type":"Polygon","coordinates":[[[41.399537,54.930260],[41.399632,54.930194],[41.399817,54.930288],[41.399690,54.930376],[41.399640,54.930352],[41.399674,54.930328],[41.399537,54.930260]]]}},{"type":"Feature","properties":{"levels":1,"year":null,"src":"OSM","address":"улица Большакова, 22","tall":false,"in_settlement":true,"in_core":false},"geometry":{"type":"Polygon","coordinates":[[[41.398814,54.934213],[41.398728,54.934267],[41.398839,54.934331],[41.398741,54.934396],[41.398544,54.934285],[41.398458,54.934334],[41.398723,54.934481],[41.398986,54.934306],[41.398814,54.934213]]]}},{"type":"Feature","properties":{"levels":1,"year":null,"src":"OSM","address":"переулок Губарева, 3","tall":false,"in_settlement":true,"in_core":false},"geometry":{"type":"Polygon","coordinates":[[[41.399073,54.930908],[41.399247,54.930994],[41.399141,54.931064],[41.398966,54.930978],[41.399073,54.930908]]]}},{"type":"Feature","properties":{"levels":1,"year":null,"src":"OSM","address":"переулок Губарева, 5","tall":false,"in_settlement":true,"in_core":false},"geometry":{"type":"Polygon","coordinates":[[[41.399216,54.931098],[41.399309,54.931031],[41.399498,54.931123],[41.399405,54.931190],[41.399216,54.931098]]]}},{"type":"Feature","properties":{"levels":1,"year":null,"src":"OSM","address":"переулок Губарева, 7","tall":false,"in_settlement":true,"in_core":false},"geometry":{"type":"Polygon","coordinates":[[[41.399543,54.931153],[41.399695,54.931227],[41.399590,54.931305],[41.399437,54.931227],[41.399543,54.931153]]]}},{"type":"Feature","properties":{"levels":1,"year":null,"src":"OSM","address":"переулок Губарева, 9","tall":false,"in_settlement":true,"in_core":false},"geometry":{"type":"Polygon","coordinates":[[[41.399791,54.931381],[41.399875,54.931329],[41.400016,54.931402],[41.399933,54.931458],[41.399791,54.931381]]]}},{"type":"Feature","properties":{"levels":2,"year":1917,"src":"МКД (mingkh)","address":"переулок Губарева, 11","tall":false,"in_settlement":true,"in_core":false},"geometry":{"type":"Polygon","coordinates":[[[41.400301,54.931697],[41.400440,54.931601],[41.400196,54.931494],[41.400063,54.931589],[41.400301,54.931697]]]}},{"type":"Feature","properties":{"levels":1,"year":null,"src":"OSM","address":"улица Губарева, 38","tall":false,"in_settlement":true,"in_core":false},"geometry":{"type":"Polygon","coordinates":[[[41.402346,54.930121],[41.402466,54.930188],[41.402595,54.930121],[41.402331,54.929967],[41.402247,54.930007],[41.402398,54.930094],[41.402346,54.930121]]]}},{"type":"Feature","properties":{"levels":1,"year":null,"src":"OSM","address":"улица Губарева, 36","tall":false,"in_settlement":true,"in_core":false},"geometry":{"type":"Polygon","coordinates":[[[41.402115,54.930416],[41.402237,54.930344],[41.402087,54.930264],[41.402038,54.930294],[41.401931,54.930236],[41.401865,54.930274],[41.402115,54.930416]]]}},{"type":"Feature","properties":{"levels":1,"year":null,"src":"OSM","address":"улица Горького, 58","tall":false,"in_settlement":false,"in_core":false},"geometry":{"type":"Polygon","coordinates":[[[41.413061,54.946807],[41.413334,54.946934],[41.413433,54.946864],[41.413159,54.946737],[41.413061,54.946807]]]}},{"type":"Feature","properties":{"levels":1,"year":null,"src":"OSM","address":"улица Горького, 56","tall":false,"in_settlement":false,"in_core":false},"geometry":{"type":"Polygon","coordinates":[[[41.412815,54.946680],[41.412980,54.946765],[41.413067,54.946710],[41.412902,54.946625],[41.412815,54.946680]]]}},{"type":"Feature","properties":{"levels":1,"year":null,"src":"OSM","address":"улица Горького, 54","tall":false,"in_settlement":false,"in_core":false},"geometry":{"type":"Polygon","coordinates":[[[41.412420,54.946485],[41.412624,54.946586],[41.412711,54.946528],[41.412508,54.946426],[41.412420,54.946485]]]}},{"type":"Feature","properties":{"levels":1,"year":null,"src":"OSM","address":"улица Горького, 52","tall":false,"in_settlement":false,"in_core":false},"geometry":{"type":"Polygon","coordinates":[[[41.412136,54.946324],[41.412347,54.946446],[41.412448,54.946388],[41.412237,54.946266],[41.412136,54.946324]]]}},{"type":"Feature","properties":{"levels":1,"year":null,"src":"OSM","address":"улица Горького, 44","tall":false,"in_settlement":false,"in_core":false},"geometry":{"type":"Polygon","coordinates":[[[41.410991,54.945723],[41.411212,54.945837],[41.411316,54.945770],[41.411095,54.945657],[41.410991,54.945723]]]}},{"type":"Feature","properties":{"levels":1,"year":null,"src":"OSM","address":"улица Горького, 38","tall":false,"in_settlement":false,"in_core":false},"geometry":{"type":"Polygon","coordinates":[[[41.410131,54.945280],[41.410331,54.945385],[41.410425,54.945326],[41.410226,54.945221],[41.410131,54.945280]]]}},{"type":"Feature","properties":{"levels":1,"year":null,"src":"OSM","address":"улица Горького, 30","tall":false,"in_settlement":false,"in_core":false},"geometry":{"type":"Polygon","coordinates":[[[41.408993,54.943814],[41.409172,54.943899],[41.409269,54.943830],[41.409090,54.943746],[41.408993,54.943814]]]}},{"type":"Feature","properties":{"levels":2,"year":1917,"src":"МКД (mingkh)","address":"Советская улица, 58","tall":false,"in_settlement":true,"in_core":false},"geometry":{"type":"Polygon","coordinates":[[[41.402064,54.942337],[41.402322,54.942485],[41.402523,54.942369],[41.402266,54.942221],[41.402064,54.942337]]]}},{"type":"Feature","properties":{"levels":3,"year":null,"src":"OSM","address":"Советская улица, 60","tall":false,"in_settlement":true,"in_core":false},"geometry":{"type":"Polygon","coordinates":[[[41.402273,54.942823],[41.402408,54.942739],[41.402604,54.942843],[41.402470,54.942927],[41.402273,54.942823]]]}},{"type":"Feature","properties":{"levels":2,"year":null,"src":"OSM","address":"улица Урицкого, 9","tall":false,"in_settlement":true,"in_core":false},"geometry":{"type":"Polygon","coordinates":[[[41.399271,54.943437],[41.399484,54.943547],[41.399349,54.943633],[41.399136,54.943523],[41.399271,54.943437]]]}},{"type":"Feature","properties":{"levels":2,"year":1917,"src":"МКД (mingkh)","address":"улица 50 лет ВЛКСМ, 14","tall":false,"in_settlement":true,"in_core":false},"geometry":{"type":"Polygon","coordinates":[[[41.396422,54.942636],[41.396566,54.942709],[41.396673,54.942639],[41.396530,54.942566],[41.396422,54.942636]]]}},{"type":"Feature","properties":{"levels":2,"year":1917,"src":"МКД (mingkh)","address":"Советская улица, 20","tall":false,"in_settlement":true,"in_core":true},"geometry":{"type":"Polygon","coordinates":[[[41.396307,54.939742],[41.396380,54.939783],[41.396762,54.939555],[41.396693,54.939512],[41.396307,54.939742]]]}},{"type":"Feature","properties":{"levels":2,"year":1917,"src":"МКД (mingkh)","address":"Советская улица, 24","tall":false,"in_settlement":true,"in_core":false},"geometry":{"type":"Polygon","coordinates":[[[41.396867,54.940039],[41.397017,54.939951],[41.397176,54.940039],[41.397041,54.940131],[41.396867,54.940039]]]}},{"type":"Feature","properties":{"levels":2,"year":null,"src":"OSM","address":"улица Рязанский Спуск, 3","tall":false,"in_settlement":true,"in_core":true},"geometry":{"type":"Polygon","coordinates":[[[41.387079,54.936706],[41.387125,54.936606],[41.387283,54.936464],[41.387443,54.936394],[41.387536,54.936464],[41.387397,54.936524],[41.387317,54.936644],[41.387372,54.936653],[41.387345,54.936731],[41.387079,54.936706]]]}},{"type":"Feature","properties":{"levels":1,"year":1917,"src":"МКД (mingkh)","address":"Соборная площадь, 14","tall":false,"in_settlement":true,"in_core":true},"geometry":{"type":"Polygon","coordinates":[[[41.387670,54.936675],[41.387848,54.936784],[41.388095,54.936651],[41.387917,54.936542],[41.387670,54.936675]]]}},{"type":"Feature","properties":{"levels":2,"year":1917,"src":"МКД (mingkh)","address":"улица Свердлова, 5","tall":false,"in_settlement":true,"in_core":true},"geometry":{"type":"Polygon","coordinates":[[[41.387009,54.937787],[41.386749,54.937646],[41.386809,54.937609],[41.386887,54.937652],[41.386968,54.937603],[41.387150,54.937702],[41.387009,54.937787]]]}},{"type":"Feature","properties":{"levels":1,"year":null,"src":"OSM","address":"Набережная улица, 45А","tall":false,"in_settlement":true,"in_core":true},"geometry":{"type":"Polygon","coordinates":[[[41.385866,54.937658],[41.385455,54.937476],[41.385691,54.937305],[41.386107,54.937482],[41.385866,54.937658]]]}},{"type":"Feature","properties":{"levels":2,"year":null,"src":"OSM","address":"Набережная улица, 38","tall":false,"in_settlement":true,"in_core":false},"geometry":{"type":"Polygon","coordinates":[[[41.382594,54.938230],[41.382445,54.938288],[41.382282,54.938149],[41.382884,54.937915],[41.383007,54.938020],[41.382554,54.938196],[41.382594,54.938230]]]}},{"type":"Feature","properties":{"levels":2,"year":1917,"src":"МКД (mingkh)","address":"Набережная улица, 40","tall":false,"in_settlement":true,"in_core":false},"geometry":{"type":"Polygon","coordinates":[[[41.383259,54.937964],[41.383132,54.937847],[41.383373,54.937760],[41.383500,54.937877],[41.383259,54.937964]]]}},{"type":"Feature","properties":{"levels":2,"year":1955,"src":"МКД (mingkh)","address":"Набережная улица, 37","tall":false,"in_settlement":true,"in_core":false},"geometry":{"type":"Polygon","coordinates":[[[41.381972,54.938395],[41.381879,54.938308],[41.382155,54.938210],[41.382249,54.938297],[41.381972,54.938395]]]}},{"type":"Feature","properties":{"levels":2,"year":1917,"src":"МКД (mingkh)","address":"Набережная улица, 36","tall":false,"in_settlement":true,"in_core":false},"geometry":{"type":"Polygon","coordinates":[[[41.381655,54.938585],[41.38151,54.938451],[41.381793,54.938349],[41.381938,54.938484],[41.381655,54.938585]]]}},{"type":"Feature","properties":{"levels":1,"year":null,"src":"OSM","address":"Рабочая улица, 5","tall":false,"in_settlement":true,"in_core":false},"geometry":{"type":"Polygon","coordinates":[[[41.382504,54.939009],[41.382374,54.938940],[41.382489,54.938868],[41.382619,54.938936],[41.382504,54.939009]]]}},{"type":"Feature","properties":{"levels":2,"year":null,"src":"OSM","address":"Рабочая улица, 4","tall":false,"in_settlement":true,"in_core":false},"geometry":{"type":"Polygon","coordinates":[[[41.382812,54.938798],[41.382695,54.938727],[41.382778,54.938682],[41.382810,54.938702],[41.382955,54.938623],[41.38304,54.938674],[41.382812,54.938798]]]}},{"type":"Feature","properties":{"levels":1,"year":null,"src":"OSM","address":"Рабочая улица, 2","tall":false,"in_settlement":true,"in_core":false},"geometry":{"type":"Polygon","coordinates":[[[41.383362,54.938457],[41.383253,54.938380],[41.383412,54.938306],[41.383521,54.938383],[41.383362,54.938457]]]}},{"type":"Feature","properties":{"levels":1,"year":1917,"src":"МКД (mingkh)","address":"Набережная улица, 41","tall":false,"in_settlement":true,"in_core":false},"geometry":{"type":"Polygon","coordinates":[[[41.383899,54.937713],[41.383768,54.937594],[41.384005,54.937507],[41.384205,54.937689],[41.384082,54.937734],[41.384012,54.937671],[41.383899,54.937713]]]}},{"type":"Feature","properties":{"levels":1,"year":1917,"src":"МКД (mingkh)","address":"улица Свердлова, 27В","tall":false,"in_settlement":true,"in_core":false},"geometry":{"type":"Polygon","coordinates":[[[41.383634,54.938673],[41.383473,54.938561],[41.383720,54.938443],[41.383881,54.938555],[41.383634,54.938673]]]}},{"type":"Feature","properties":{"levels":4,"year":1963,"src":"МКД (mingkh)","address":"улица Свердлова, 31","tall":true,"in_settlement":true,"in_core":false},"geometry":{"type":"Polygon","coordinates":[[[41.382821,54.939140],[41.383019,54.938934],[41.383197,54.938990],[41.382999,54.939197],[41.382821,54.939140]]]}},{"type":"Feature","properties":{"levels":2,"year":null,"src":"OSM","address":"улица Свердлова, 25","tall":false,"in_settlement":true,"in_core":false},"geometry":{"type":"Polygon","coordinates":[[[41.384100,54.938910],[41.384217,54.938857],[41.383962,54.938671],[41.383845,54.938724],[41.384100,54.938910]]]}},{"type":"Feature","properties":{"levels":2,"year":2010,"src":"МКД (mingkh)","address":"улица Свердлова, 17Ж","tall":false,"in_settlement":true,"in_core":false},"geometry":{"type":"Polygon","coordinates":[[[41.384465,54.939270],[41.3843,54.939176],[41.384476,54.939073],[41.384641,54.939167],[41.384465,54.939270]]]}},{"type":"Feature","properties":{"levels":3,"year":1917,"src":"МКД (mingkh)","address":"Набережная улица, 34","tall":false,"in_settlement":true,"in_core":false},"geometry":{"type":"Polygon","coordinates":[[[41.380622,54.938915],[41.380506,54.938811],[41.380777,54.938722],[41.381001,54.938839],[41.380863,54.938924],[41.380770,54.938862],[41.380622,54.938915]]]}},{"type":"Feature","properties":{"levels":2,"year":null,"src":"OSM","address":"Набережная улица, 32","tall":false,"in_settlement":true,"in_core":false},"geometry":{"type":"Polygon","coordinates":[[[41.380011,54.939075],[41.379932,54.938987],[41.380255,54.938892],[41.380650,54.939099],[41.380537,54.939170],[41.380315,54.939053],[41.380147,54.939103],[41.380099,54.939049],[41.380011,54.939075]]]}},{"type":"Feature","properties":{"levels":2,"year":1917,"src":"МКД (mingkh)","address":"Набережная улица, 31","tall":false,"in_settlement":true,"in_core":false},"geometry":{"type":"Polygon","coordinates":[[[41.379663,54.939243],[41.379543,54.939105],[41.379782,54.939036],[41.379903,54.939174],[41.379663,54.939243]]]}},{"type":"Feature","properties":{"levels":2,"year":1917,"src":"МКД (mingkh)","address":"Набережная улица, 29","tall":false,"in_settlement":true,"in_core":false},"geometry":{"type":"Polygon","coordinates":[[[41.37918,54.939464],[41.379119,54.939387],[41.379081,54.939397],[41.378993,54.939284],[41.379187,54.939234],[41.379335,54.939423],[41.37918,54.939464]]]}},{"type":"Feature","properties":{"levels":2,"year":1917,"src":"МКД (mingkh)","address":"Набережная улица, 28","tall":false,"in_settlement":true,"in_core":false},"geometry":{"type":"Polygon","coordinates":[[[41.378637,54.939563],[41.378517,54.939420],[41.378770,54.939350],[41.378890,54.939493],[41.378637,54.939563]]]}},{"type":"Feature","properties":{"levels":3,"year":1961,"src":"МКД (mingkh)","address":"улица Свердлова, 31А","tall":false,"in_settlement":true,"in_core":false},"geometry":{"type":"Polygon","coordinates":[[[41.382807,54.940214],[41.383165,54.939972],[41.383328,54.940051],[41.382970,54.940293],[41.382807,54.940214]]]}},{"type":"Feature","properties":{"levels":2,"year":1951,"src":"МКД (mingkh)","address":"Набережная улица, 23","tall":false,"in_settlement":true,"in_core":false},"geometry":{"type":"Polygon","coordinates":[[[41.376502,54.940120],[41.376421,54.940031],[41.376767,54.939926],[41.376849,54.940014],[41.376502,54.940120]]]}},{"type":"Feature","properties":{"levels":2,"year":null,"src":"OSM","address":null,"tall":false,"in_settlement":true,"in_core":false},"geometry":{"type":"Polygon","coordinates":[[[41.377221,54.940445],[41.377371,54.940358],[41.377566,54.940468],[41.377417,54.940555],[41.377221,54.940445]]]}},{"type":"Feature","properties":{"levels":3,"year":null,"src":"OSM","address":"Рабочая улица, 43А","tall":false,"in_settlement":true,"in_core":false},"geometry":{"type":"Polygon","coordinates":[[[41.378256,54.941116],[41.378130,54.941020],[41.378315,54.940940],[41.378441,54.941036],[41.378256,54.941116]]]}},{"type":"Feature","properties":{"levels":1,"year":null,"src":"OSM","address":"Начальная улица, 2","tall":false,"in_settlement":true,"in_core":false},"geometry":{"type":"Polygon","coordinates":[[[41.373432,54.940874],[41.373545,54.940942],[41.373686,54.940865],[41.373573,54.940797],[41.373432,54.940874]]]}},{"type":"Feature","properties":{"levels":2,"year":1957,"src":"МКД (mingkh)","address":"улица Крылова, 19","tall":false,"in_settlement":false,"in_core":false},"geometry":{"type":"Polygon","coordinates":[[[41.371379,54.943785],[41.371305,54.943668],[41.371763,54.943572],[41.371837,54.943689],[41.371379,54.943785]]]}},{"type":"Feature","properties":{"levels":3,"year":1958,"src":"МКД (mingkh)","address":"улица Крылова, 13","tall":false,"in_settlement":false,"in_core":false},"geometry":{"type":"Polygon","coordinates":[[[41.373404,54.943261],[41.373287,54.943129],[41.373518,54.943061],[41.373635,54.943192],[41.373404,54.943261]]]}},{"type":"Feature","properties":{"levels":4,"year":1962,"src":"МКД (mingkh)","address":"улица Крылова, 18","tall":true,"in_settlement":false,"in_core":false},"geometry":{"type":"Polygon","coordinates":[[[41.371826,54.944185],[41.371778,54.944030],[41.372189,54.943988],[41.372238,54.944143],[41.371826,54.944185]]]}},{"type":"Feature","properties":{"levels":4,"year":1964,"src":"МКД (mingkh)","address":"Московская улица, 39","tall":true,"in_settlement":false,"in_core":false},"geometry":{"type":"Polygon","coordinates":[[[41.37319,54.944424],[41.373319,54.944341],[41.373720,54.944548],[41.373590,54.944631],[41.37319,54.944424]]]}},{"type":"Feature","properties":{"levels":2,"year":1956,"src":"МКД (mingkh)","address":"улица Крылова, 12","tall":false,"in_settlement":false,"in_core":false},"geometry":{"type":"Polygon","coordinates":[[[41.373905,54.943487],[41.373774,54.943363],[41.374003,54.943284],[41.374134,54.943408],[41.373905,54.943487]]]}},{"type":"Feature","properties":{"levels":2,"year":1917,"src":"МКД (mingkh)","address":"улица Свердлова, 39","tall":false,"in_settlement":true,"in_core":false},"geometry":{"type":"Polygon","coordinates":[[[41.381561,54.941192],[41.381424,54.941104],[41.381542,54.941044],[41.381678,54.941132],[41.381561,54.941192]]]}},{"type":"Feature","properties":{"levels":2,"year":null,"src":"OSM","address":"улица Свердлова, 37","tall":false,"in_settlement":true,"in_core":false},"geometry":{"type":"Polygon","coordinates":[[[41.381638,54.940993],[41.381795,54.940900],[41.38193,54.940976],[41.381773,54.941068],[41.381638,54.940993]]]}},{"type":"Feature","properties":{"levels":1,"year":null,"src":"OSM","address":"Рабочая улица, 13","tall":false,"in_settlement":true,"in_core":false},"geometry":{"type":"Polygon","coordinates":[[[41.380855,54.939963],[41.380959,54.939880],[41.381176,54.939970],[41.381072,54.940053],[41.380855,54.939963]]]}},{"type":"Feature","properties":{"levels":2,"year":1917,"src":"МКД (mingkh)","address":"Набережная улица, 105","tall":false,"in_settlement":true,"in_core":false},"geometry":{"type":"Polygon","coordinates":[[[41.404519,54.921436],[41.404718,54.921477],[41.404669,54.921556],[41.404866,54.921596],[41.404829,54.921657],[41.404432,54.921576],[41.404519,54.921436]]]}},{"type":"Feature","properties":{"levels":3,"year":2018,"src":"МКД (mingkh)","address":"улица Свердлова, 1","tall":false,"in_settlement":true,"in_core":true},"geometry":{"type":"Polygon","coordinates":[[[41.387731,54.937322],[41.388160,54.937049],[41.388002,54.936967],[41.387573,54.937240],[41.387731,54.937322]]]}},{"type":"Feature","properties":{"levels":1,"year":1917,"src":"МКД (mingkh)","address":"улица Карла Либкнехта, 11","tall":false,"in_settlement":true,"in_core":true},"geometry":{"type":"Polygon","coordinates":[[[41.393954,54.941088],[41.394052,54.941021],[41.393891,54.940944],[41.393793,54.941011],[41.393954,54.941088]]]}},{"type":"Feature","properties":{"levels":1,"year":1917,"src":"МКД (mingkh)","address":"улица Воровского, 4","tall":false,"in_settlement":true,"in_core":true},"geometry":{"type":"Polygon","coordinates":[[[41.391300,54.935110],[41.391598,54.934925],[41.39143,54.934836],[41.391132,54.935021],[41.391300,54.935110]]]}},{"type":"Feature","properties":{"levels":4,"year":null,"src":"OSM","address":"улица Ленина, 15","tall":true,"in_settlement":false,"in_core":false},"geometry":{"type":"Polygon","coordinates":[[[41.405550,54.936688],[41.405633,54.936731],[41.405653,54.936719],[41.405862,54.936828],[41.405824,54.936852],[41.405939,54.936912],[41.406073,54.936828],[41.406125,54.936855],[41.406201,54.936807],[41.405763,54.936578],[41.405646,54.936652],[41.405625,54.936641],[41.405550,54.936688]]]}},{"type":"Feature","properties":{"levels":1,"year":1917,"src":"МКД (mingkh)","address":"улица Карла Маркса, 10","tall":false,"in_settlement":true,"in_core":true},"geometry":{"type":"Polygon","coordinates":[[[41.392824,54.940419],[41.393005,54.940528],[41.392750,54.940641],[41.392662,54.940516],[41.392824,54.940419]]]}},{"type":"Feature","properties":{"levels":1,"year":null,"src":"OSM","address":"улица Карла Маркса, 9","tall":false,"in_settlement":true,"in_core":true},"geometry":{"type":"Polygon","coordinates":[[[41.392465,54.940365],[41.392659,54.940254],[41.392441,54.940128],[41.392247,54.940239],[41.392465,54.940365]]]}},{"type":"Feature","properties":{"levels":1,"year":null,"src":"OSM","address":null,"tall":false,"in_settlement":true,"in_core":true},"geometry":{"type":"Polygon","coordinates":[[[41.388523,54.936888],[41.388610,54.936836],[41.388523,54.936788],[41.388437,54.936840],[41.388523,54.936888]]]}},{"type":"Feature","properties":{"levels":5,"year":1971,"src":"МКД (mingkh)","address":"улица Фёдоровой, 22","tall":true,"in_settlement":true,"in_core":false},"geometry":{"type":"Polygon","coordinates":[[[41.408760,54.931620],[41.409152,54.931373],[41.409271,54.931435],[41.408879,54.931682],[41.408760,54.931620]]]}},{"type":"Feature","properties":{"levels":5,"year":2016,"src":"МКД (mingkh)","address":"улица Ленина, 44","tall":true,"in_settlement":true,"in_core":false},"geometry":{"type":"Polygon","coordinates":[[[41.40768,54.934635],[41.40782,54.934543],[41.407293,54.934280],[41.407706,54.934007],[41.407528,54.933918],[41.406975,54.934283],[41.40768,54.934635]]]}},{"type":"Feature","properties":{"levels":2,"year":null,"src":"OSM","address":"10А","tall":false,"in_settlement":true,"in_core":true},"geometry":{"type":"Polygon","coordinates":[[[41.390072,54.935529],[41.389171,54.936030],[41.389023,54.935943],[41.389925,54.935442],[41.390072,54.935529]]]}},{"type":"Feature","properties":{"levels":3,"year":2013,"src":"МКД (mingkh)","address":"улица Горького, 6","tall":false,"in_settlement":false,"in_core":false},"geometry":{"type":"Polygon","coordinates":[[[41.403433,54.940106],[41.403325,54.940182],[41.403003,54.940030],[41.403362,54.93978],[41.403537,54.939862],[41.403287,54.940037],[41.403433,54.940106]]]}},{"type":"Feature","properties":{"levels":1,"year":null,"src":"OSM","address":"Пролетарская улица, 61","tall":false,"in_settlement":false,"in_core":false},"geometry":{"type":"Polygon","coordinates":[[[41.389644,54.946396],[41.389797,54.946485],[41.389881,54.946438],[41.389728,54.946349],[41.389644,54.946396]]]}},{"type":"Feature","properties":{"levels":1,"year":null,"src":"OSM","address":"улица 50 лет ВЛКСМ, 15Б","tall":false,"in_settlement":true,"in_core":false},"geometry":{"type":"Polygon","coordinates":[[[41.394967,54.943187],[41.394761,54.943089],[41.394933,54.942970],[41.395139,54.943069],[41.394967,54.943187]]]}},{"type":"Feature","properties":{"levels":3,"year":2014,"src":"МКД (mingkh)","address":"улица Ленина, 14Б","tall":false,"in_settlement":true,"in_core":false},"geometry":{"type":"Polygon","coordinates":[[[41.401544,54.938517],[41.401315,54.938395],[41.401550,54.93825],[41.401779,54.938371],[41.401544,54.938517]]]}},{"type":"Feature","properties":{"levels":2,"year":1960,"src":"МКД (mingkh)","address":"улица Карла Либкнехта, 2А","tall":false,"in_settlement":true,"in_core":false},"geometry":{"type":"Polygon","coordinates":[[[41.395578,54.940552],[41.395415,54.940468],[41.395812,54.940246],[41.395962,54.940326],[41.395578,54.940552]]]}},{"type":"Feature","properties":{"levels":1,"year":null,"src":"OSM","address":"улица Ленина, 41А","tall":false,"in_settlement":false,"in_core":false},"geometry":{"type":"Polygon","coordinates":[[[41.411628,54.931553],[41.411777,54.931454],[41.411964,54.931546],[41.411816,54.931645],[41.411628,54.931553]]]}},{"type":"Feature","properties":{"levels":4,"year":null,"src":"OSM","address":"улица Фёдоровой, 44","tall":true,"in_settlement":false,"in_core":false},"geometry":{"type":"Polygon","coordinates":[[[41.412321,54.928444],[41.412545,54.928420],[41.412589,54.928560],[41.412365,54.928583],[41.412321,54.928444]]]}},{"type":"Feature","properties":{"levels":4,"year":1981,"src":"МКД (mingkh)","address":"улица Большакова, 48А","tall":true,"in_settlement":true,"in_core":false},"geometry":{"type":"Polygon","coordinates":[[[41.409095,54.927441],[41.409274,54.927522],[41.409122,54.927634],[41.408943,54.927553],[41.409095,54.927441]]]}},{"type":"Feature","properties":{"levels":1,"year":null,"src":"OSM","address":"улица Чижова, 23","tall":false,"in_settlement":true,"in_core":false},"geometry":{"type":"Polygon","coordinates":[[[41.405265,54.928092],[41.405413,54.927993],[41.405600,54.928086],[41.405452,54.928185],[41.405265,54.928092]]]}},{"type":"Feature","properties":{"levels":1,"year":null,"src":"OSM","address":"улица Воровского, 69","tall":false,"in_settlement":true,"in_core":false},"geometry":{"type":"Polygon","coordinates":[[[41.404313,54.927226],[41.404461,54.927127],[41.404649,54.927219],[41.404500,54.927318],[41.404313,54.927226]]]}},{"type":"Feature","properties":{"levels":1,"year":null,"src":"OSM","address":"улица Воровского, 73","tall":false,"in_settlement":true,"in_core":false},"geometry":{"type":"Polygon","coordinates":[[[41.404884,54.926833],[41.405033,54.926734],[41.405220,54.926826],[41.405072,54.926925],[41.404884,54.926833]]]}},{"type":"Feature","properties":{"levels":2,"year":null,"src":"OSM","address":"Октябрьская улица, 10А","tall":false,"in_settlement":true,"in_core":false},"geometry":{"type":"Polygon","coordinates":[[[41.405393,54.924866],[41.405541,54.924767],[41.405729,54.924859],[41.405580,54.924959],[41.405393,54.924866]]]}},{"type":"Feature","properties":{"levels":1,"year":null,"src":"OSM","address":"Октябрьская улица, 12","tall":false,"in_settlement":true,"in_core":false},"geometry":{"type":"Polygon","coordinates":[[[41.405790,54.924627],[41.405938,54.924528],[41.406126,54.924620],[41.405977,54.924720],[41.405790,54.924627]]]}},{"type":"Feature","properties":{"levels":2,"year":1958,"src":"МКД (mingkh)","address":"улица Воровского, 72","tall":false,"in_settlement":true,"in_core":false},"geometry":{"type":"Polygon","coordinates":[[[41.402268,54.928048],[41.402416,54.927948],[41.402604,54.928041],[41.402455,54.928140],[41.402268,54.928048]]]}},{"type":"Feature","properties":{"levels":1,"year":null,"src":"OSM","address":"улица Воровского, 59Б","tall":false,"in_settlement":true,"in_core":false},"geometry":{"type":"Polygon","coordinates":[[[41.402750,54.928788],[41.402926,54.928872],[41.402768,54.928981],[41.402593,54.928898],[41.402750,54.928788]]]}},{"type":"Feature","properties":{"levels":2,"year":null,"src":"OSM","address":"улица Свердлова, 86","tall":false,"in_settlement":false,"in_core":false},"geometry":{"type":"Polygon","coordinates":[[[41.376326,54.945504],[41.376487,54.945407],[41.376309,54.945310],[41.376336,54.945294],[41.375872,54.945039],[41.375746,54.945115],[41.376212,54.945371],[41.376150,54.945408],[41.376326,54.945504]]]}},{"type":"Feature","properties":{"levels":2,"year":null,"src":"OSM","address":"Комсомольская улица, 7","tall":false,"in_settlement":true,"in_core":false},"geometry":{"type":"Polygon","coordinates":[[[41.384057,54.941526],[41.384192,54.941601],[41.384339,54.941514],[41.384204,54.941439],[41.384057,54.941526]]]}},{"type":"Feature","properties":{"levels":1,"year":null,"src":"OSM","address":"Комсомольская улица","tall":false,"in_settlement":true,"in_core":false},"geometry":{"type":"Polygon","coordinates":[[[41.383843,54.941659],[41.383983,54.941737],[41.384065,54.941688],[41.383925,54.941610],[41.383843,54.941659]]]}},{"type":"Feature","properties":{"levels":1,"year":null,"src":"OSM","address":"Комсомольская улица, 9","tall":false,"in_settlement":true,"in_core":false},"geometry":{"type":"Polygon","coordinates":[[[41.383696,54.941743],[41.383847,54.941827],[41.383966,54.941756],[41.383815,54.941672],[41.383696,54.941743]]]}},{"type":"Feature","properties":{"levels":1,"year":null,"src":"OSM","address":"Комсомольская улица, 11","tall":false,"in_settlement":true,"in_core":false},"geometry":{"type":"Polygon","coordinates":[[[41.383430,54.941899],[41.383594,54.941990],[41.383717,54.941918],[41.383552,54.941826],[41.383430,54.941899]]]}},{"type":"Feature","properties":{"levels":1,"year":null,"src":"OSM","address":"Комсомольская улица","tall":false,"in_settlement":true,"in_core":false},"geometry":{"type":"Polygon","coordinates":[[[41.383287,54.941982],[41.383458,54.942077],[41.383548,54.942024],[41.383377,54.941929],[41.383287,54.941982]]]}},{"type":"Feature","properties":{"levels":1,"year":null,"src":"OSM","address":"Комсомольская улица","tall":false,"in_settlement":true,"in_core":false},"geometry":{"type":"Polygon","coordinates":[[[41.383143,54.942110],[41.383275,54.942184],[41.383346,54.942141],[41.383214,54.942068],[41.383143,54.942110]]]}},{"type":"Feature","properties":{"levels":1,"year":null,"src":"OSM","address":"Пролетарская улица, 4Б","tall":false,"in_settlement":true,"in_core":false},"geometry":{"type":"Polygon","coordinates":[[[41.382333,54.942449],[41.382452,54.942515],[41.382569,54.942446],[41.382449,54.942380],[41.382333,54.942449]]]}},{"type":"Feature","properties":{"levels":1,"year":null,"src":"OSM","address":"Комсомольская улица, 16А","tall":false,"in_settlement":true,"in_core":false},"geometry":{"type":"Polygon","coordinates":[[[41.384502,54.942457],[41.384637,54.942505],[41.384720,54.942428],[41.384586,54.942380],[41.384502,54.942457]]]}},{"type":"Feature","properties":{"levels":1,"year":null,"src":"OSM","address":"Комсомольская улица, 6","tall":false,"in_settlement":true,"in_core":false},"geometry":{"type":"Polygon","coordinates":[[[41.384732,54.941526],[41.384881,54.941609],[41.384987,54.941546],[41.384837,54.941464],[41.384732,54.941526]]]}},{"type":"Feature","properties":{"levels":1,"year":null,"src":"OSM","address":"Комсомольская улица, 10","tall":false,"in_settlement":true,"in_core":false},"geometry":{"type":"Polygon","coordinates":[[[41.384288,54.941834],[41.384442,54.941920],[41.384556,54.941851],[41.384403,54.941766],[41.384288,54.941834]]]}},{"type":"Feature","properties":{"levels":1,"year":null,"src":"OSM","address":"Комсомольская улица","tall":false,"in_settlement":true,"in_core":false},"geometry":{"type":"Polygon","coordinates":[[[41.384170,54.941904],[41.384312,54.941982],[41.384390,54.941936],[41.384248,54.941857],[41.384170,54.941904]]]}},{"type":"Feature","properties":{"levels":1,"year":null,"src":"OSM","address":"Комсомольская улица, 14","tall":false,"in_settlement":true,"in_core":false},"geometry":{"type":"Polygon","coordinates":[[[41.384030,54.941992],[41.384172,54.942070],[41.384283,54.942004],[41.384141,54.941926],[41.384030,54.941992]]]}},{"type":"Feature","properties":{"levels":2,"year":null,"src":"OSM","address":"Комсомольская улица, 16","tall":false,"in_settlement":true,"in_core":false},"geometry":{"type":"Polygon","coordinates":[[[41.383837,54.942135],[41.383994,54.942222],[41.384114,54.942150],[41.383957,54.942064],[41.383837,54.942135]]]}},{"type":"Feature","properties":{"levels":1,"year":null,"src":"OSM","address":null,"tall":false,"in_settlement":true,"in_core":false},"geometry":{"type":"Polygon","coordinates":[[[41.383709,54.942203],[41.383890,54.942303],[41.383979,54.942250],[41.383798,54.942150],[41.383709,54.942203]]]}},{"type":"Feature","properties":{"levels":1,"year":null,"src":"OSM","address":"Комсомольская улица, 18","tall":false,"in_settlement":true,"in_core":false},"geometry":{"type":"Polygon","coordinates":[[[41.383564,54.942300],[41.383732,54.942393],[41.383816,54.942343],[41.383648,54.942250],[41.383564,54.942300]]]}},{"type":"Feature","properties":{"levels":1,"year":null,"src":"OSM","address":"Комсомольская улица, 20","tall":false,"in_settlement":true,"in_core":false},"geometry":{"type":"Polygon","coordinates":[[[41.383435,54.942381],[41.383588,54.942466],[41.383690,54.942406],[41.383536,54.942321],[41.383435,54.942381]]]}},{"type":"Feature","properties":{"levels":1,"year":null,"src":"OSM","address":null,"tall":false,"in_settlement":true,"in_core":false},"geometry":{"type":"Polygon","coordinates":[[[41.383294,54.942471],[41.383420,54.942541],[41.383477,54.942507],[41.383351,54.942438],[41.383294,54.942471]]]}},{"type":"Feature","properties":{"levels":1,"year":null,"src":"OSM","address":"Комсомольская улица","tall":false,"in_settlement":true,"in_core":false},"geometry":{"type":"Polygon","coordinates":[[[41.382850,54.942751],[41.383033,54.942852],[41.383175,54.942768],[41.382992,54.942667],[41.382850,54.942751]]]}},{"type":"Feature","properties":{"levels":1,"year":null,"src":"OSM","address":"Комсомольская улица","tall":false,"in_settlement":true,"in_core":false},"geometry":{"type":"Polygon","coordinates":[[[41.383006,54.942639],[41.383229,54.942763],[41.383330,54.942702],[41.383107,54.942579],[41.383006,54.942639]]]}},{"type":"Feature","properties":{"levels":2,"year":null,"src":"OSM","address":"улица Академика В.Ф.Уткина, 35","tall":false,"in_settlement":true,"in_core":false},"geometry":{"type":"Polygon","coordinates":[[[41.384953,54.943008],[41.385070,54.943070],[41.385202,54.942986],[41.385085,54.942925],[41.384953,54.943008]]]}},{"type":"Feature","properties":{"levels":1,"year":null,"src":"OSM","address":"улица Карла Маркса, 41","tall":false,"in_settlement":true,"in_core":false},"geometry":{"type":"Polygon","coordinates":[[[41.387085,54.943642],[41.387194,54.943698],[41.387276,54.943646],[41.387167,54.943590],[41.387085,54.943642]]]}},{"type":"Feature","properties":{"levels":1,"year":null,"src":"OSM","address":"улица Карла Маркса, 37","tall":false,"in_settlement":true,"in_core":false},"geometry":{"type":"Polygon","coordinates":[[[41.387507,54.943318],[41.387661,54.943398],[41.387743,54.943346],[41.387588,54.943266],[41.387507,54.943318]]]}},{"type":"Feature","properties":{"levels":2,"year":null,"src":"OSM","address":"улица Дзержинского, 21","tall":false,"in_settlement":true,"in_core":false},"geometry":{"type":"Polygon","coordinates":[[[41.387166,54.942200],[41.387352,54.942297],[41.387487,54.942211],[41.387301,54.942114],[41.387166,54.942200]]]}},{"type":"Feature","properties":{"levels":1,"year":null,"src":"OSM","address":"улица Академика В.Ф.Уткина, 30/1","tall":false,"in_settlement":true,"in_core":false},"geometry":{"type":"Polygon","coordinates":[[[41.386651,54.942512],[41.386792,54.942581],[41.386881,54.942522],[41.386739,54.942452],[41.386651,54.942512]]]}},{"type":"Feature","properties":{"levels":1,"year":null,"src":"OSM","address":"улица Академика В.Ф.Уткина, 40А","tall":false,"in_settlement":true,"in_core":false},"geometry":{"type":"Polygon","coordinates":[[[41.386047,54.943219],[41.386187,54.943287],[41.386351,54.943176],[41.386211,54.943108],[41.386047,54.943219]]]}},{"type":"Feature","properties":{"levels":1,"year":null,"src":"OSM","address":"Пролетарская улица, 26","tall":false,"in_settlement":true,"in_core":false},"geometry":{"type":"Polygon","coordinates":[[[41.385369,54.944018],[41.385486,54.944074],[41.3856,54.943998],[41.385482,54.943940],[41.385369,54.944018]]]}},{"type":"Feature","properties":{"levels":2,"year":null,"src":"OSM","address":"Пролетарская улица, 24","tall":false,"in_settlement":true,"in_core":false},"geometry":{"type":"Polygon","coordinates":[[[41.385245,54.943890],[41.385383,54.943957],[41.385530,54.943857],[41.385392,54.943790],[41.385245,54.943890]]]}},{"type":"Feature","properties":{"levels":1,"year":null,"src":"OSM","address":"Пролетарская улица, 27","tall":false,"in_settlement":false,"in_core":false},"geometry":{"type":"Polygon","coordinates":[[[41.384575,54.944079],[41.384766,54.944172],[41.384889,54.944088],[41.384698,54.943996],[41.384575,54.944079]]]}},{"type":"Feature","properties":{"levels":1,"year":null,"src":"OSM","address":"Пролетарская улица, 29","tall":false,"in_settlement":false,"in_core":false},"geometry":{"type":"Polygon","coordinates":[[[41.384773,54.944245],[41.384913,54.944313],[41.385103,54.944184],[41.384964,54.944116],[41.384773,54.944245]]]}},{"type":"Feature","properties":{"levels":1,"year":null,"src":"OSM","address":"улица Карла Маркса, 50А","tall":false,"in_settlement":false,"in_core":false},"geometry":{"type":"Polygon","coordinates":[[[41.385264,54.945210],[41.385383,54.945263],[41.385484,54.945188],[41.385365,54.945135],[41.385264,54.945210]]]}},{"type":"Feature","properties":{"levels":1,"year":null,"src":"OSM","address":"улица Терешковой, 81","tall":false,"in_settlement":false,"in_core":false},"geometry":{"type":"Polygon","coordinates":[[[41.385629,54.945319],[41.385768,54.945381],[41.385878,54.945299],[41.38574,54.945237],[41.385629,54.945319]]]}},{"type":"Feature","properties":{"levels":2,"year":null,"src":"OSM","address":"улица Карла Либкнехта, 65","tall":false,"in_settlement":false,"in_core":false},"geometry":{"type":"Polygon","coordinates":[[[41.386304,54.945837],[41.386465,54.945909],[41.386619,54.945795],[41.386458,54.945723],[41.386304,54.945837]]]}},{"type":"Feature","properties":{"levels":1,"year":null,"src":"OSM","address":"Пролетарская улица, 45","tall":false,"in_settlement":false,"in_core":false},"geometry":{"type":"Polygon","coordinates":[[[41.387057,54.945352],[41.387167,54.945407],[41.387274,54.945336],[41.387165,54.945281],[41.387057,54.945352]]]}},{"type":"Feature","properties":{"levels":1,"year":null,"src":"OSM","address":"улица Терешковой, 69","tall":false,"in_settlement":false,"in_core":false},"geometry":{"type":"Polygon","coordinates":[[[41.387631,54.946],[41.387747,54.94605],[41.387846,54.945973],[41.387730,54.945923],[41.387631,54.946]]]}},{"type":"Feature","properties":{"levels":2,"year":null,"src":"OSM","address":"улица 50 лет ВЛКСМ, 32","tall":false,"in_settlement":false,"in_core":false},"geometry":{"type":"Polygon","coordinates":[[[41.390159,54.946007],[41.390323,54.946083],[41.390409,54.946023],[41.390245,54.945946],[41.390159,54.946007]]]}},{"type":"Feature","properties":{"levels":1,"year":null,"src":"OSM","address":"улица Карла Либкнехта, 41","tall":false,"in_settlement":true,"in_core":false},"geometry":{"type":"Polygon","coordinates":[[[41.388814,54.944056],[41.388994,54.944145],[41.389072,54.944093],[41.388892,54.944004],[41.388814,54.944056]]]}},{"type":"Feature","properties":{"levels":1,"year":null,"src":"OSM","address":"улица 50 лет ВЛКСМ, 39","tall":false,"in_settlement":true,"in_core":false},"geometry":{"type":"Polygon","coordinates":[[[41.390773,54.945111],[41.390931,54.945185],[41.391015,54.945125],[41.390857,54.945052],[41.390773,54.945111]]]}},{"type":"Feature","properties":{"levels":1,"year":null,"src":"OSM","address":"улица Карла Либкнехта, 46Б","tall":false,"in_settlement":true,"in_core":false},"geometry":{"type":"Polygon","coordinates":[[[41.388955,54.945165],[41.389065,54.945216],[41.389215,54.945109],[41.389106,54.945058],[41.388955,54.945165]]]}},{"type":"Feature","properties":{"levels":1,"year":null,"src":"OSM","address":"улица Карла Маркса, 38","tall":false,"in_settlement":true,"in_core":false},"geometry":{"type":"Polygon","coordinates":[[[41.387228,54.943950],[41.387408,54.944043],[41.387536,54.943961],[41.387356,54.943868],[41.387228,54.943950]]]}},{"type":"Feature","properties":{"levels":1,"year":null,"src":"OSM","address":"улица Карла Маркса, 42","tall":false,"in_settlement":true,"in_core":false},"geometry":{"type":"Polygon","coordinates":[[[41.386758,54.944249],[41.387005,54.944376],[41.387088,54.944323],[41.386841,54.944195],[41.386758,54.944249]]]}},{"type":"Feature","properties":{"levels":1,"year":null,"src":"OSM","address":"улица Карла Маркса, 44","tall":false,"in_settlement":true,"in_core":false},"geometry":{"type":"Polygon","coordinates":[[[41.386541,54.944378],[41.386743,54.944482],[41.386825,54.944429],[41.386624,54.944325],[41.386541,54.944378]]]}},{"type":"Feature","properties":{"levels":1,"year":null,"src":"OSM","address":"улица Дзержинского, 51","tall":false,"in_settlement":true,"in_core":false},"geometry":{"type":"Polygon","coordinates":[[[41.391523,54.944391],[41.391632,54.944447],[41.391747,54.944374],[41.391638,54.944318],[41.391523,54.944391]]]}},{"type":"Feature","properties":{"levels":2,"year":null,"src":"OSM","address":"улица Карла Либкнехта, 40","tall":false,"in_settlement":true,"in_core":false},"geometry":{"type":"Polygon","coordinates":[[[41.389457,54.944273],[41.389730,54.944405],[41.389815,54.944347],[41.389541,54.944215],[41.389457,54.944273]]]}},{"type":"Feature","properties":{"levels":2,"year":null,"src":"OSM","address":"улица 50 лет ВЛКСМ, 49В","tall":false,"in_settlement":true,"in_core":false},"geometry":{"type":"Polygon","coordinates":[[[41.389503,54.945679],[41.389618,54.945734],[41.389735,54.945654],[41.389620,54.945599],[41.389503,54.945679]]]}},{"type":"Feature","properties":{"levels":1,"year":null,"src":"OSM","address":"Пролетарская улица, 54","tall":false,"in_settlement":true,"in_core":false},"geometry":{"type":"Polygon","coordinates":[[[41.388907,54.945817],[41.389085,54.945890],[41.389199,54.945798],[41.389021,54.945725],[41.388907,54.945817]]]}},{"type":"Feature","properties":{"levels":2,"year":null,"src":"OSM","address":"Пролетарская улица, 51","tall":false,"in_settlement":false,"in_core":false},"geometry":{"type":"Polygon","coordinates":[[[41.387897,54.945829],[41.388116,54.945918],[41.388269,54.945795],[41.388103,54.945727],[41.388044,54.945774],[41.387992,54.945753],[41.387897,54.945829]]]}},{"type":"Feature","properties":{"levels":4,"year":1964,"src":"МКД (mingkh)","address":"улица Дзержинского, 17","tall":true,"in_settlement":true,"in_core":false},"geometry":{"type":"Polygon","coordinates":[[[41.386085,54.941727],[41.386259,54.941827],[41.386339,54.941781],[41.386164,54.941681],[41.386085,54.941727]]]}},{"type":"Feature","properties":{"levels":3,"year":null,"src":"OSM","address":"улица Дзержинского, 22","tall":false,"in_settlement":true,"in_core":false},"geometry":{"type":"Polygon","coordinates":[[[41.388121,54.942064],[41.388297,54.942153],[41.388453,54.942050],[41.388277,54.941961],[41.388121,54.942064]]]}},{"type":"Feature","properties":{"levels":2,"year":null,"src":"OSM","address":"улица Карла Маркса, 15","tall":false,"in_settlement":true,"in_core":false},"geometry":{"type":"Polygon","coordinates":[[[41.390905,54.941052],[41.391136,54.941170],[41.391286,54.941074],[41.391055,54.940955],[41.390905,54.941052]]]}},{"type":"Feature","properties":{"levels":2,"year":1961,"src":"МКД (mingkh)","address":"улица Карла Маркса, 20","tall":false,"in_settlement":true,"in_core":false},"geometry":{"type":"Polygon","coordinates":[[[41.389604,54.942439],[41.389804,54.942545],[41.390134,54.942340],[41.389934,54.942234],[41.389604,54.942439]]]}},{"type":"Feature","properties":{"levels":2,"year":1917,"src":"МКД (mingkh)","address":"улица Карла Маркса, 18","tall":false,"in_settlement":true,"in_core":false},"geometry":{"type":"Polygon","coordinates":[[[41.390155,54.942096],[41.39036,54.942204],[41.390434,54.942157],[41.390230,54.942049],[41.390155,54.942096]]]}},{"type":"Feature","properties":{"levels":2,"year":1917,"src":"МКД (mingkh)","address":"улица Карла Маркса, 12","tall":false,"in_settlement":true,"in_core":false},"geometry":{"type":"Polygon","coordinates":[[[41.390948,54.941593],[41.391163,54.941707],[41.391337,54.941599],[41.391122,54.941485],[41.390948,54.941593]]]}},{"type":"Feature","properties":{"levels":2,"year":null,"src":"OSM","address":"улица Карла Либкнехта, 23","tall":false,"in_settlement":true,"in_core":false},"geometry":{"type":"Polygon","coordinates":[[[41.391307,54.942582],[41.391481,54.942667],[41.391618,54.942574],[41.391444,54.942489],[41.391307,54.942582]]]}},{"type":"Feature","properties":{"levels":2,"year":null,"src":"OSM","address":"улица Дзержинского, 42","tall":false,"in_settlement":true,"in_core":false},"geometry":{"type":"Polygon","coordinates":[[[41.391648,54.943973],[41.391790,54.944048],[41.391908,54.943974],[41.391972,54.944008],[41.392099,54.943928],[41.391892,54.943820],[41.391648,54.943973]]]}},{"type":"Feature","properties":{"levels":2,"year":null,"src":"OSM","address":"улица Дзержинского, 34","tall":false,"in_settlement":true,"in_core":false},"geometry":{"type":"Polygon","coordinates":[[[41.390666,54.943514],[41.390797,54.943582],[41.390921,54.943505],[41.390790,54.943436],[41.390666,54.943514]]]}},{"type":"Feature","properties":{"levels":1,"year":null,"src":"OSM","address":"улица Карла Либкнехта, 24","tall":false,"in_settlement":true,"in_core":false},"geometry":{"type":"Polygon","coordinates":[[[41.391766,54.942748],[41.391924,54.942831],[41.392025,54.942767],[41.391867,54.942684],[41.391766,54.942748]]]}},{"type":"Feature","properties":{"levels":1,"year":null,"src":"OSM","address":"улица Карла Либкнехта, 20","tall":false,"in_settlement":true,"in_core":false},"geometry":{"type":"Polygon","coordinates":[[[41.392138,54.942524],[41.392362,54.942641],[41.392447,54.942588],[41.392223,54.942470],[41.392138,54.942524]]]}},{"type":"Feature","properties":{"levels":2,"year":1917,"src":"МКД (mingkh)","address":"улица Комарова, 9","tall":false,"in_settlement":true,"in_core":false},"geometry":{"type":"Polygon","coordinates":[[[41.392982,54.941985],[41.39311,54.942051],[41.393202,54.941993],[41.393075,54.941926],[41.392982,54.941985]]]}},{"type":"Feature","properties":{"levels":1,"year":null,"src":"OSM","address":"улица Карла Либкнехта, 16А","tall":false,"in_settlement":true,"in_core":false},"geometry":{"type":"Polygon","coordinates":[[[41.392831,54.942079],[41.392978,54.942157],[41.393095,54.942085],[41.392947,54.942006],[41.392831,54.942079]]]}},{"type":"Feature","properties":{"levels":1,"year":null,"src":"OSM","address":"улица 50 лет ВЛКСМ, 17А","tall":false,"in_settlement":true,"in_core":false},"geometry":{"type":"Polygon","coordinates":[[[41.393334,54.943248],[41.393534,54.943346],[41.393631,54.943281],[41.393431,54.943183],[41.393334,54.943248]]]}},{"type":"Feature","properties":{"levels":2,"year":null,"src":"OSM","address":"улица Карла Либкнехта, 8","tall":false,"in_settlement":true,"in_core":false},"geometry":{"type":"Polygon","coordinates":[[[41.394234,54.941194],[41.394458,54.941306],[41.394622,54.941197],[41.394398,54.941085],[41.394234,54.941194]]]}},{"type":"Feature","properties":{"levels":1,"year":null,"src":"OSM","address":"улица Комарова, 10А","tall":false,"in_settlement":true,"in_core":false},"geometry":{"type":"Polygon","coordinates":[[[41.394110,54.941959],[41.394206,54.942007],[41.394341,54.941918],[41.394245,54.941870],[41.394110,54.941959]]]}},{"type":"Feature","properties":{"levels":2,"year":1917,"src":"МКД (mingkh)","address":"улица Карла Либкнехта, 12","tall":false,"in_settlement":true,"in_core":false},"geometry":{"type":"Polygon","coordinates":[[[41.393504,54.941653],[41.393791,54.941796],[41.393869,54.941744],[41.393722,54.941671],[41.393802,54.941618],[41.393662,54.941548],[41.393504,54.941653]]]}},{"type":"Feature","properties":{"levels":2,"year":null,"src":"OSM","address":"улица Свердлова, 71","tall":false,"in_settlement":false,"in_core":false},"geometry":{"type":"Polygon","coordinates":[[[41.377215,54.943780],[41.377344,54.943854],[41.377435,54.943802],[41.377306,54.943728],[41.377215,54.943780]]]}},{"type":"Feature","properties":{"levels":1,"year":null,"src":"OSM","address":"улица Свердлова, 70","tall":false,"in_settlement":false,"in_core":false},"geometry":{"type":"Polygon","coordinates":[[[41.377922,54.943746],[41.378016,54.943799],[41.378066,54.943770],[41.378121,54.943801],[41.378217,54.943746],[41.378068,54.943661],[41.377922,54.943746]]]}},{"type":"Feature","properties":{"levels":1,"year":null,"src":"OSM","address":"улица Свердлова, 72","tall":false,"in_settlement":false,"in_core":false},"geometry":{"type":"Polygon","coordinates":[[[41.377704,54.943868],[41.377803,54.943925],[41.377883,54.943879],[41.377784,54.943822],[41.377704,54.943868]]]}},{"type":"Feature","properties":{"levels":1,"year":null,"src":"OSM","address":"улица Свердлова, 78","tall":false,"in_settlement":false,"in_core":false},"geometry":{"type":"Polygon","coordinates":[[[41.377083,54.944243],[41.377227,54.944326],[41.377346,54.944258],[41.377202,54.944175],[41.377083,54.944243]]]}},{"type":"Feature","properties":{"levels":2,"year":null,"src":"OSM","address":"улица Свердлова, 82","tall":false,"in_settlement":false,"in_core":false},"geometry":{"type":"Polygon","coordinates":[[[41.376721,54.944766],[41.376904,54.944867],[41.377108,54.944744],[41.377283,54.944840],[41.377411,54.944764],[41.377236,54.944668],[41.377354,54.944597],[41.377172,54.944496],[41.376721,54.944766]]]}},{"type":"Feature","properties":{"levels":2,"year":null,"src":"OSM","address":"улица Свердлова","tall":false,"in_settlement":false,"in_core":false},"geometry":{"type":"Polygon","coordinates":[[[41.375970,54.944455],[41.376106,54.944530],[41.376196,54.944477],[41.376060,54.944402],[41.375970,54.944455]]]}},{"type":"Feature","properties":{"levels":1,"year":null,"src":"OSM","address":"улица Свердлова, 83","tall":false,"in_settlement":false,"in_core":false},"geometry":{"type":"Polygon","coordinates":[[[41.375769,54.944528],[41.375932,54.944618],[41.376013,54.944569],[41.375851,54.94448],[41.375769,54.944528]]]}},{"type":"Feature","properties":{"levels":2,"year":null,"src":"OSM","address":"улица Свердлова, 85","tall":false,"in_settlement":false,"in_core":false},"geometry":{"type":"Polygon","coordinates":[[[41.375522,54.944705],[41.375656,54.944779],[41.375854,54.944661],[41.375720,54.944587],[41.375522,54.944705]]]}},{"type":"Feature","properties":{"levels":1,"year":null,"src":"OSM","address":"улица Свердлова, 84","tall":false,"in_settlement":false,"in_core":false},"geometry":{"type":"Polygon","coordinates":[[[41.375933,54.944919],[41.376053,54.944986],[41.376176,54.944912],[41.376056,54.944846],[41.375933,54.944919]]]}},{"type":"Feature","properties":{"levels":1,"year":null,"src":"OSM","address":"Московская улица, 8","tall":false,"in_settlement":true,"in_core":false},"geometry":{"type":"Polygon","coordinates":[[[41.377998,54.942189],[41.378164,54.942278],[41.378256,54.942223],[41.378089,54.942133],[41.377998,54.942189]]]}},{"type":"Feature","properties":{"levels":1,"year":null,"src":"OSM","address":"Начальная улица, 30","tall":false,"in_settlement":true,"in_core":false},"geometry":{"type":"Polygon","coordinates":[[[41.377523,54.943036],[41.377621,54.943089],[41.377776,54.942996],[41.377678,54.942943],[41.377523,54.943036]]]}},{"type":"Feature","properties":{"levels":2,"year":null,"src":"OSM","address":"улица Свердлова, 68","tall":false,"in_settlement":true,"in_core":false},"geometry":{"type":"Polygon","coordinates":[[[41.378253,54.943539],[41.378408,54.943619],[41.378495,54.943563],[41.378340,54.943483],[41.378253,54.943539]]]}},{"type":"Feature","properties":{"levels":1,"year":null,"src":"OSM","address":"улица Свердлова, 66А","tall":false,"in_settlement":true,"in_core":false},"geometry":{"type":"Polygon","coordinates":[[[41.378545,54.943372],[41.378652,54.943430],[41.378787,54.943349],[41.378680,54.943291],[41.378545,54.943372]]]}},{"type":"Feature","properties":{"levels":1,"year":null,"src":"OSM","address":"улица Свердлова, 66","tall":false,"in_settlement":true,"in_core":false},"geometry":{"type":"Polygon","coordinates":[[[41.378808,54.943223],[41.378912,54.943279],[41.378980,54.943238],[41.378876,54.943182],[41.378808,54.943223]]]}},{"type":"Feature","properties":{"levels":1,"year":null,"src":"OSM","address":"улица Свердлова, 62","tall":false,"in_settlement":true,"in_core":false},"geometry":{"type":"Polygon","coordinates":[[[41.379229,54.942991],[41.379332,54.943048],[41.379428,54.942990],[41.379325,54.942934],[41.379229,54.942991]]]}},{"type":"Feature","properties":{"levels":1,"year":null,"src":"OSM","address":"улица Свердлова, 60","tall":false,"in_settlement":true,"in_core":false},"geometry":{"type":"Polygon","coordinates":[[[41.379385,54.942862],[41.379512,54.942931],[41.379640,54.942854],[41.379512,54.942785],[41.379385,54.942862]]]}},{"type":"Feature","properties":{"levels":1,"year":null,"src":"OSM","address":"улица Свердлова","tall":false,"in_settlement":true,"in_core":false},"geometry":{"type":"Polygon","coordinates":[[[41.379540,54.942777],[41.379677,54.942851],[41.379762,54.942800],[41.379625,54.942725],[41.379540,54.942777]]]}},{"type":"Feature","properties":{"levels":2,"year":null,"src":"OSM","address":"улица Свердлова, 58","tall":false,"in_settlement":true,"in_core":false},"geometry":{"type":"Polygon","coordinates":[[[41.379661,54.942705],[41.379797,54.942779],[41.379953,54.942685],[41.379817,54.942611],[41.379661,54.942705]]]}},{"type":"Feature","properties":{"levels":2,"year":null,"src":"OSM","address":"улица Свердлова, 56","tall":false,"in_settlement":true,"in_core":false},"geometry":{"type":"Polygon","coordinates":[[[41.379913,54.942563],[41.380063,54.942645],[41.380360,54.942464],[41.380211,54.942383],[41.379913,54.942563]]]}},{"type":"Feature","properties":{"levels":2,"year":null,"src":"OSM","address":"Пролетарская улица, 1","tall":false,"in_settlement":true,"in_core":false},"geometry":{"type":"Polygon","coordinates":[[[41.381426,54.942377],[41.381563,54.942451],[41.381681,54.942378],[41.381544,54.942304],[41.381426,54.942377]]]}},{"type":"Feature","properties":{"levels":1,"year":null,"src":"OSM","address":"Пролетарская улица, 5","tall":false,"in_settlement":true,"in_core":false},"geometry":{"type":"Polygon","coordinates":[[[41.381759,54.942548],[41.381846,54.942595],[41.381936,54.942540],[41.381848,54.942493],[41.381759,54.942548]]]}},{"type":"Feature","properties":{"levels":1,"year":null,"src":"OSM","address":"Комсомольская улица, 23","tall":false,"in_settlement":true,"in_core":false},"geometry":{"type":"Polygon","coordinates":[[[41.382115,54.942767],[41.382221,54.942823],[41.382319,54.942764],[41.382214,54.942707],[41.382115,54.942767]]]}},{"type":"Feature","properties":{"levels":1,"year":null,"src":"OSM","address":"Пролетарская улица, 7","tall":false,"in_settlement":true,"in_core":false},"geometry":{"type":"Polygon","coordinates":[[[41.381855,54.942614],[41.381960,54.942671],[41.382049,54.942616],[41.381944,54.942560],[41.381855,54.942614]]]}},{"type":"Feature","properties":{"levels":1,"year":null,"src":"OSM","address":"Комсомольская улица","tall":false,"in_settlement":true,"in_core":false},"geometry":{"type":"Polygon","coordinates":[[[41.382488,54.942537],[41.382581,54.942589],[41.382668,54.942537],[41.382574,54.942486],[41.382488,54.942537]]]}},{"type":"Feature","properties":{"levels":1,"year":null,"src":"OSM","address":"улица Свердлова, 50Б","tall":false,"in_settlement":true,"in_core":false},"geometry":{"type":"Polygon","coordinates":[[[41.380691,54.942126],[41.380803,54.942186],[41.380895,54.942130],[41.380783,54.942070],[41.380691,54.942126]]]}},{"type":"Feature","properties":{"levels":1,"year":null,"src":"OSM","address":"улица Свердлова, 50А","tall":false,"in_settlement":true,"in_core":false},"geometry":{"type":"Polygon","coordinates":[[[41.380546,54.942212],[41.380656,54.942271],[41.380742,54.942218],[41.380633,54.942159],[41.380546,54.942212]]]}},{"type":"Feature","properties":{"levels":1,"year":null,"src":"OSM","address":"улица Свердлова, 52А","tall":false,"in_settlement":true,"in_core":false},"geometry":{"type":"Polygon","coordinates":[[[41.380320,54.942320],[41.380462,54.942396],[41.380632,54.942292],[41.380490,54.942215],[41.380320,54.942320]]]}},{"type":"Feature","properties":{"levels":2,"year":null,"src":"OSM","address":"улица Свердлова, 51","tall":false,"in_settlement":true,"in_core":false},"geometry":{"type":"Polygon","coordinates":[[[41.379396,54.942440],[41.379508,54.942500],[41.379843,54.942295],[41.379731,54.942235],[41.379396,54.942440]]]}},{"type":"Feature","properties":{"levels":2,"year":1925,"src":"МКД (mingkh)","address":"улица Свердлова, 53","tall":false,"in_settlement":true,"in_core":false},"geometry":{"type":"Polygon","coordinates":[[[41.379224,54.942520],[41.379353,54.942590],[41.379441,54.942536],[41.379312,54.942466],[41.379224,54.942520]]]}},{"type":"Feature","properties":{"levels":1,"year":null,"src":"OSM","address":"улица Свердлова, 57","tall":false,"in_settlement":true,"in_core":false},"geometry":{"type":"Polygon","coordinates":[[[41.378883,54.942746],[41.379012,54.942816],[41.379087,54.942770],[41.379030,54.942739],[41.379057,54.942723],[41.378985,54.942684],[41.378883,54.942746]]]}},{"type":"Feature","properties":{"levels":2,"year":null,"src":"OSM","address":"улица Свердлова, 59","tall":false,"in_settlement":true,"in_core":false},"geometry":{"type":"Polygon","coordinates":[[[41.378637,54.942860],[41.378784,54.942940],[41.378900,54.942869],[41.378753,54.94279],[41.378637,54.942860]]]}},{"type":"Feature","properties":{"levels":1,"year":null,"src":"OSM","address":"улица Свердлова, 61","tall":false,"in_settlement":true,"in_core":false},"geometry":{"type":"Polygon","coordinates":[[[41.378484,54.942975],[41.378620,54.943048],[41.378725,54.942984],[41.378589,54.942910],[41.378484,54.942975]]]}},{"type":"Feature","properties":{"levels":1,"year":null,"src":"OSM","address":"улица Свердлова, 63","tall":false,"in_settlement":true,"in_core":false},"geometry":{"type":"Polygon","coordinates":[[[41.378309,54.943110],[41.378423,54.943172],[41.378516,54.943115],[41.378402,54.943053],[41.378309,54.943110]]]}},{"type":"Feature","properties":{"levels":1,"year":null,"src":"OSM","address":"улица Свердлова","tall":false,"in_settlement":true,"in_core":false},"geometry":{"type":"Polygon","coordinates":[[[41.378122,54.943252],[41.378213,54.943301],[41.378288,54.943255],[41.378197,54.943206],[41.378122,54.943252]]]}},{"type":"Feature","properties":{"levels":2,"year":1983,"src":"МКД (mingkh)","address":"улица Свердлова, 65","tall":false,"in_settlement":true,"in_core":false},"geometry":{"type":"Polygon","coordinates":[[[41.377891,54.943321],[41.378060,54.943412],[41.378156,54.943354],[41.377987,54.943262],[41.377891,54.943321]]]}},{"type":"Feature","properties":{"levels":2,"year":1956,"src":"МКД (mingkh)","address":"Московская улица, 1А","tall":false,"in_settlement":true,"in_core":false},"geometry":{"type":"Polygon","coordinates":[[[41.378451,54.941426],[41.378611,54.941512],[41.378789,54.941403],[41.378630,54.941317],[41.378451,54.941426]]]}},{"type":"Feature","properties":{"levels":1,"year":null,"src":"OSM","address":"Московская улица, 3","tall":false,"in_settlement":true,"in_core":false},"geometry":{"type":"Polygon","coordinates":[[[41.377655,54.942049],[41.377738,54.942094],[41.377840,54.942032],[41.377756,54.941986],[41.377655,54.942049]]]}},{"type":"Feature","properties":{"levels":1,"year":null,"src":"OSM","address":"Московская улица, 9","tall":false,"in_settlement":true,"in_core":false},"geometry":{"type":"Polygon","coordinates":[[[41.376805,54.942516],[41.376935,54.942586],[41.376998,54.942548],[41.376868,54.942478],[41.376805,54.942516]]]}},{"type":"Feature","properties":{"levels":1,"year":null,"src":"OSM","address":"Московская улица, 20","tall":false,"in_settlement":true,"in_core":false},"geometry":{"type":"Polygon","coordinates":[[[41.377014,54.942825],[41.377133,54.942889],[41.377244,54.942821],[41.377126,54.942757],[41.377014,54.942825]]]}},{"type":"Feature","properties":{"levels":2,"year":null,"src":"OSM","address":"Московская улица, 18","tall":false,"in_settlement":true,"in_core":false},"geometry":{"type":"Polygon","coordinates":[[[41.377252,54.942659],[41.377385,54.942730],[41.377448,54.942691],[41.377316,54.942620],[41.377252,54.942659]]]}},{"type":"Feature","properties":{"levels":2,"year":null,"src":"OSM","address":"Московская улица, 6","tall":false,"in_settlement":true,"in_core":false},"geometry":{"type":"Polygon","coordinates":[[[41.378159,54.942098],[41.378331,54.942190],[41.378390,54.942154],[41.378335,54.942125],[41.378376,54.942099],[41.37826,54.942037],[41.378159,54.942098]]]}},{"type":"Feature","properties":{"levels":1,"year":null,"src":"OSM","address":"Московская улица, 2А","tall":false,"in_settlement":true,"in_core":false},"geometry":{"type":"Polygon","coordinates":[[[41.378513,54.941861],[41.378672,54.941946],[41.378757,54.941894],[41.378598,54.941809],[41.378513,54.941861]]]}},{"type":"Feature","properties":{"levels":1,"year":null,"src":"OSM","address":"Московская улица, 2","tall":false,"in_settlement":true,"in_core":false},"geometry":{"type":"Polygon","coordinates":[[[41.378663,54.941791],[41.378808,54.941869],[41.378862,54.941836],[41.378929,54.941872],[41.378875,54.941906],[41.378939,54.941940],[41.379063,54.941865],[41.378787,54.941716],[41.378663,54.941791]]]}},{"type":"Feature","properties":{"levels":2,"year":null,"src":"OSM","address":"улица Свердлова, 75","tall":false,"in_settlement":false,"in_core":false},"geometry":{"type":"Polygon","coordinates":[[[41.376598,54.944053],[41.376765,54.944165],[41.376849,54.944124],[41.376682,54.944012],[41.376598,54.944053]]]}},{"type":"Feature","properties":{"levels":3,"year":2014,"src":"МКД (mingkh)","address":"Московская улица, 36","tall":false,"in_settlement":false,"in_core":false},"geometry":{"type":"Polygon","coordinates":[[[41.375324,54.944176],[41.375514,54.944283],[41.375718,54.944162],[41.375528,54.944056],[41.375324,54.944176]]]}},{"type":"Feature","properties":{"levels":1,"year":null,"src":"OSM","address":"Московская улица, 27","tall":false,"in_settlement":false,"in_core":false},"geometry":{"type":"Polygon","coordinates":[[[41.375003,54.943639],[41.375151,54.943722],[41.375250,54.943663],[41.375103,54.943581],[41.375003,54.943639]]]}},{"type":"Feature","properties":{"levels":1,"year":null,"src":"OSM","address":"Московская улица, 19","tall":false,"in_settlement":false,"in_core":false},"geometry":{"type":"Polygon","coordinates":[[[41.375934,54.943092],[41.376072,54.943169],[41.376154,54.943121],[41.376017,54.943044],[41.375934,54.943092]]]}},{"type":"Feature","properties":{"levels":1,"year":null,"src":"OSM","address":"Московская улица, 15","tall":false,"in_settlement":false,"in_core":false},"geometry":{"type":"Polygon","coordinates":[[[41.376176,54.942944],[41.376292,54.943009],[41.376383,54.942955],[41.376267,54.942890],[41.376176,54.942944]]]}},{"type":"Feature","properties":{"levels":1,"year":null,"src":"OSM","address":"улица Крылова, 6","tall":false,"in_settlement":false,"in_core":false},"geometry":{"type":"Polygon","coordinates":[[[41.374820,54.942891],[41.374935,54.942967],[41.375012,54.942929],[41.374963,54.942897],[41.375036,54.942860],[41.374968,54.942816],[41.374820,54.942891]]]}},{"type":"Feature","properties":{"levels":1,"year":null,"src":"OSM","address":"Московская улица, 29","tall":false,"in_settlement":false,"in_core":false},"geometry":{"type":"Polygon","coordinates":[[[41.374808,54.943833],[41.374869,54.943871],[41.375016,54.943793],[41.374888,54.943714],[41.374818,54.943751],[41.374884,54.943792],[41.374808,54.943833]]]}},{"type":"Feature","properties":{"levels":1,"year":null,"src":"OSM","address":"улица Павлова, 2","tall":false,"in_settlement":false,"in_core":false},"geometry":{"type":"Polygon","coordinates":[[[41.376280,54.946198],[41.376436,54.946277],[41.376601,54.946171],[41.376445,54.946091],[41.376280,54.946198]]]}},{"type":"Feature","properties":{"levels":1,"year":null,"src":"OSM","address":"Комсомольская улица, 84","tall":false,"in_settlement":false,"in_core":false},"geometry":{"type":"Polygon","coordinates":[[[41.377497,54.946009],[41.377614,54.946076],[41.377676,54.946040],[41.377559,54.945973],[41.377497,54.946009]]]}},{"type":"Feature","properties":{"levels":1,"year":null,"src":"OSM","address":"Комсомольская улица, 76А","tall":false,"in_settlement":false,"in_core":false},"geometry":{"type":"Polygon","coordinates":[[[41.377797,54.945817],[41.377902,54.945877],[41.377973,54.945836],[41.377867,54.945776],[41.377797,54.945817]]]}},{"type":"Feature","properties":{"levels":1,"year":null,"src":"OSM","address":"Комсомольская улица, 76","tall":false,"in_settlement":false,"in_core":false},"geometry":{"type":"Polygon","coordinates":[[[41.378292,54.945781],[41.378422,54.945855],[41.378533,54.945791],[41.378403,54.945716],[41.378292,54.945781]]]}},{"type":"Feature","properties":{"levels":1,"year":null,"src":"OSM","address":"улица Академика В.Ф.Уткина, 59","tall":false,"in_settlement":false,"in_core":false},"geometry":{"type":"Polygon","coordinates":[[[41.380584,54.945558],[41.380696,54.945622],[41.380788,54.945569],[41.380675,54.945505],[41.380584,54.945558]]]}},{"type":"Feature","properties":{"levels":1,"year":null,"src":"OSM","address":"улица Академика В.Ф.Уткина, 61","tall":false,"in_settlement":false,"in_core":false},"geometry":{"type":"Polygon","coordinates":[[[41.380463,54.945738],[41.380588,54.945809],[41.380721,54.945732],[41.380596,54.945661],[41.380463,54.945738]]]}},{"type":"Feature","properties":{"levels":3,"year":null,"src":"OSM","address":"Начальная улица, 71","tall":false,"in_settlement":false,"in_core":false},"geometry":{"type":"Polygon","coordinates":[[[41.381659,54.945826],[41.381787,54.945890],[41.381906,54.945812],[41.381779,54.945748],[41.381659,54.945826]]]}},{"type":"Feature","properties":{"levels":1,"year":null,"src":"OSM","address":"Начальная улица, 81","tall":false,"in_settlement":false,"in_core":false},"geometry":{"type":"Polygon","coordinates":[[[41.382748,54.946281],[41.382848,54.946331],[41.382944,54.946268],[41.382844,54.946218],[41.382748,54.946281]]]}},{"type":"Feature","properties":{"levels":1,"year":null,"src":"OSM","address":"Начальная улица, 64","tall":false,"in_settlement":false,"in_core":false},"geometry":{"type":"Polygon","coordinates":[[[41.382574,54.945808],[41.382741,54.945904],[41.382887,54.945819],[41.382720,54.945724],[41.382574,54.945808]]]}},{"type":"Feature","properties":{"levels":1,"year":null,"src":"OSM","address":"улица Академика В.Ф.Уткина, 64","tall":false,"in_settlement":false,"in_core":false},"geometry":{"type":"Polygon","coordinates":[[[41.382311,54.945319],[41.382449,54.945389],[41.382542,54.945329],[41.382403,54.945259],[41.382311,54.945319]]]}},{"type":"Feature","properties":{"levels":2,"year":null,"src":"OSM","address":"улица Академика В.Ф.Уткина, 60","tall":false,"in_settlement":false,"in_core":false},"geometry":{"type":"Polygon","coordinates":[[[41.382528,54.944911],[41.382664,54.944980],[41.382764,54.944914],[41.382628,54.944846],[41.382528,54.944911]]]}},{"type":"Feature","properties":{"levels":2,"year":null,"src":"OSM","address":"улица Терешковой, 166","tall":false,"in_settlement":false,"in_core":false},"geometry":{"type":"Polygon","coordinates":[[[41.383191,54.945124],[41.383317,54.945190],[41.38343,54.945119],[41.383303,54.945053],[41.383191,54.945124]]]}},{"type":"Feature","properties":{"levels":2,"year":null,"src":"OSM","address":"улица Терешковой, 160","tall":false,"in_settlement":false,"in_core":false},"geometry":{"type":"Polygon","coordinates":[[[41.383974,54.945567],[41.384100,54.945640],[41.384269,54.945543],[41.384143,54.945470],[41.383974,54.945567]]]}},{"type":"Feature","properties":{"levels":2,"year":null,"src":"OSM","address":"Пролетарская улица, 17","tall":false,"in_settlement":false,"in_core":false},"geometry":{"type":"Polygon","coordinates":[[[41.382384,54.943571],[41.382481,54.943617],[41.382598,54.943535],[41.382501,54.943489],[41.382384,54.943571]]]}},{"type":"Feature","properties":{"levels":2,"year":null,"src":"OSM","address":"улица Терешковой, 97","tall":false,"in_settlement":false,"in_core":false},"geometry":{"type":"Polygon","coordinates":[[[41.382016,54.944145],[41.382101,54.944193],[41.382220,54.944122],[41.382135,54.944075],[41.382016,54.944145]]]}},{"type":"Feature","properties":{"levels":1,"year":null,"src":"OSM","address":"Комсомольская улица, 38","tall":false,"in_settlement":false,"in_core":false},"geometry":{"type":"Polygon","coordinates":[[[41.381356,54.943659],[41.381486,54.943732],[41.381590,54.943670],[41.381460,54.943598],[41.381356,54.943659]]]}},{"type":"Feature","properties":{"levels":1,"year":null,"src":"OSM","address":"Комсомольская улица, 36","tall":false,"in_settlement":false,"in_core":false},"geometry":{"type":"Polygon","coordinates":[[[41.381631,54.943486],[41.381732,54.943542],[41.381802,54.943501],[41.381701,54.943445],[41.381631,54.943486]]]}},{"type":"Feature","properties":{"levels":1,"year":null,"src":"OSM","address":"Комсомольская улица","tall":false,"in_settlement":false,"in_core":false},"geometry":{"type":"Polygon","coordinates":[[[41.381777,54.943403],[41.381910,54.943477],[41.382013,54.943415],[41.381881,54.943341],[41.381777,54.943403]]]}},{"type":"Feature","properties":{"levels":1,"year":null,"src":"OSM","address":"Комсомольская улица, 32","tall":false,"in_settlement":false,"in_core":false},"geometry":{"type":"Polygon","coordinates":[[[41.381980,54.943280],[41.382191,54.943398],[41.382292,54.943337],[41.382082,54.943220],[41.381980,54.943280]]]}},{"type":"Feature","properties":{"levels":1,"year":null,"src":"OSM","address":"Комсомольская улица, 28","tall":false,"in_settlement":false,"in_core":false},"geometry":{"type":"Polygon","coordinates":[[[41.382502,54.942950],[41.382632,54.943022],[41.382722,54.942969],[41.382591,54.942897],[41.382502,54.942950]]]}},{"type":"Feature","properties":{"levels":1,"year":null,"src":"OSM","address":"Комсомольская улица, 42","tall":false,"in_settlement":false,"in_core":false},"geometry":{"type":"Polygon","coordinates":[[[41.380770,54.943991],[41.380933,54.944078],[41.381039,54.944013],[41.381000,54.943992],[41.381117,54.943921],[41.380994,54.943854],[41.380770,54.943991]]]}},{"type":"Feature","properties":{"levels":1,"year":null,"src":"OSM","address":"Комсомольская улица","tall":false,"in_settlement":false,"in_core":false},"geometry":{"type":"Polygon","coordinates":[[[41.380556,54.944127],[41.380655,54.944180],[41.380789,54.944098],[41.380690,54.944045],[41.380556,54.944127]]]}},{"type":"Feature","properties":{"levels":1,"year":null,"src":"OSM","address":"Комсомольская улица, 46","tall":false,"in_settlement":false,"in_core":false},"geometry":{"type":"Polygon","coordinates":[[[41.380383,54.944244],[41.380496,54.944305],[41.380578,54.944255],[41.380465,54.944194],[41.380383,54.944244]]]}},{"type":"Feature","properties":{"levels":2,"year":null,"src":"OSM","address":"Начальная улица, 48","tall":false,"in_settlement":false,"in_core":false},"geometry":{"type":"Polygon","coordinates":[[[41.380447,54.944591],[41.380599,54.944672],[41.380707,54.944606],[41.380555,54.944524],[41.380447,54.944591]]]}},{"type":"Feature","properties":{"levels":1,"year":null,"src":"OSM","address":"Начальная улица, 50","tall":false,"in_settlement":false,"in_core":false},"geometry":{"type":"Polygon","coordinates":[[[41.380562,54.944789],[41.380667,54.944846],[41.380790,54.944770],[41.380686,54.944714],[41.380562,54.944789]]]}},{"type":"Feature","properties":{"levels":1,"year":null,"src":"OSM","address":"Комсомольская улица, 50","tall":false,"in_settlement":false,"in_core":false},"geometry":{"type":"Polygon","coordinates":[[[41.379991,54.944471],[41.380074,54.944514],[41.380203,54.944432],[41.380120,54.944389],[41.379991,54.944471]]]}},{"type":"Feature","properties":{"levels":1,"year":null,"src":"OSM","address":"Комсомольская улица, 66","tall":false,"in_settlement":false,"in_core":false},"geometry":{"type":"Polygon","coordinates":[[[41.378442,54.945470],[41.378592,54.945554],[41.378671,54.945507],[41.378521,54.945424],[41.378442,54.945470]]]}},{"type":"Feature","properties":{"levels":1,"year":null,"src":"OSM","address":null,"tall":false,"in_settlement":false,"in_core":false},"geometry":{"type":"Polygon","coordinates":[[[41.378741,54.944816],[41.378818,54.944858],[41.378862,54.944833],[41.378785,54.944790],[41.378741,54.944816]]]}},{"type":"Feature","properties":{"levels":2,"year":null,"src":"OSM","address":null,"tall":false,"in_settlement":false,"in_core":false},"geometry":{"type":"Polygon","coordinates":[[[41.379041,54.945239],[41.379217,54.945337],[41.379356,54.945254],[41.379180,54.945156],[41.379041,54.945239]]]}},{"type":"Feature","properties":{"levels":2,"year":null,"src":"OSM","address":"Комсомольская улица, 58А","tall":false,"in_settlement":false,"in_core":false},"geometry":{"type":"Polygon","coordinates":[[[41.379177,54.945036],[41.379299,54.945106],[41.379420,54.945037],[41.379298,54.944967],[41.379177,54.945036]]]}},{"type":"Feature","properties":{"levels":2,"year":null,"src":"OSM","address":"Комсомольская улица, 56А","tall":false,"in_settlement":false,"in_core":false},"geometry":{"type":"Polygon","coordinates":[[[41.379307,54.944852],[41.379431,54.944924],[41.379503,54.944883],[41.379379,54.944811],[41.379307,54.944852]]]}},{"type":"Feature","properties":{"levels":2,"year":null,"src":"OSM","address":"Комсомольская улица, 52","tall":false,"in_settlement":false,"in_core":false},"geometry":{"type":"Polygon","coordinates":[[[41.379633,54.944669],[41.379732,54.944727],[41.379849,54.944661],[41.379750,54.944603],[41.379633,54.944669]]]}},{"type":"Feature","properties":{"levels":1,"year":null,"src":"OSM","address":"улица Павлова, 7","tall":false,"in_settlement":false,"in_core":false},"geometry":{"type":"Polygon","coordinates":[[[41.375989,54.945517],[41.376088,54.945574],[41.376220,54.945499],[41.376122,54.945442],[41.375989,54.945517]]]}},{"type":"Feature","properties":{"levels":1,"year":null,"src":"OSM","address":"Комсомольская улица, 73","tall":false,"in_settlement":false,"in_core":false},"geometry":{"type":"Polygon","coordinates":[[[41.376721,54.945922],[41.376884,54.946013],[41.376968,54.945963],[41.376806,54.945872],[41.376721,54.945922]]]}},{"type":"Feature","properties":{"levels":1,"year":null,"src":"OSM","address":"Комсомольская улица, 55","tall":false,"in_settlement":false,"in_core":false},"geometry":{"type":"Polygon","coordinates":[[[41.378788,54.944740],[41.378911,54.944809],[41.379020,54.944745],[41.378898,54.944676],[41.378788,54.944740]]]}},{"type":"Feature","properties":{"levels":2,"year":null,"src":"OSM","address":"Начальная улица, 53","tall":false,"in_settlement":false,"in_core":false},"geometry":{"type":"Polygon","coordinates":[[[41.378923,54.944276],[41.379156,54.944407],[41.379273,54.944338],[41.379040,54.944207],[41.378923,54.944276]]]}},{"type":"Feature","properties":{"levels":1,"year":null,"src":"OSM","address":null,"tall":false,"in_settlement":false,"in_core":false},"geometry":{"type":"Polygon","coordinates":[[[41.378666,54.944144],[41.378763,54.944200],[41.378898,54.944123],[41.378801,54.944067],[41.378666,54.944144]]]}},{"type":"Feature","properties":{"levels":1,"year":null,"src":"OSM","address":null,"tall":false,"in_settlement":false,"in_core":false},"geometry":{"type":"Polygon","coordinates":[[[41.378361,54.943953],[41.378458,54.944009],[41.378569,54.943947],[41.378472,54.943890],[41.378361,54.943953]]]}},{"type":"Feature","properties":{"levels":1,"year":null,"src":"OSM","address":null,"tall":false,"in_settlement":false,"in_core":false},"geometry":{"type":"Polygon","coordinates":[[[41.378264,54.943845],[41.378330,54.943807],[41.378395,54.943845],[41.378329,54.943883],[41.378264,54.943845]]]}},{"type":"Feature","properties":{"levels":1,"year":null,"src":"OSM","address":"Комсомольская улица, 41А","tall":false,"in_settlement":true,"in_core":false},"geometry":{"type":"Polygon","coordinates":[[[41.379852,54.943423],[41.380021,54.943515],[41.380117,54.943457],[41.379948,54.943365],[41.379852,54.943423]]]}},{"type":"Feature","properties":{"levels":1,"year":null,"src":"OSM","address":null,"tall":false,"in_settlement":true,"in_core":false},"geometry":{"type":"Polygon","coordinates":[[[41.381992,54.942864],[41.382075,54.942909],[41.382129,54.942876],[41.382046,54.942831],[41.381992,54.942864]]]}},{"type":"Feature","properties":{"levels":1,"year":null,"src":"OSM","address":"Комсомольская улица, 27","tall":false,"in_settlement":true,"in_core":false},"geometry":{"type":"Polygon","coordinates":[[[41.381839,54.942942],[41.381932,54.942993],[41.381989,54.942958],[41.381897,54.942907],[41.381839,54.942942]]]}},{"type":"Feature","properties":{"levels":1,"year":null,"src":"OSM","address":"Комсомольская улица, 29","tall":false,"in_settlement":true,"in_core":false},"geometry":{"type":"Polygon","coordinates":[[[41.381624,54.943035],[41.381751,54.943104],[41.381847,54.943045],[41.381721,54.942977],[41.381624,54.943035]]]}},{"type":"Feature","properties":{"levels":1,"year":null,"src":"OSM","address":"Комсомольская улица, 31","tall":false,"in_settlement":true,"in_core":false},"geometry":{"type":"Polygon","coordinates":[[[41.381480,54.943132],[41.381601,54.943198],[41.381697,54.943139],[41.381576,54.943073],[41.381480,54.943132]]]}},{"type":"Feature","properties":{"levels":2,"year":null,"src":"OSM","address":"Пролетарская улица, 3","tall":false,"in_settlement":true,"in_core":false},"geometry":{"type":"Polygon","coordinates":[[[41.381292,54.942637],[41.381403,54.942697],[41.381525,54.942623],[41.381414,54.942563],[41.381292,54.942637]]]}},{"type":"Feature","properties":{"levels":1,"year":null,"src":"OSM","address":"Комсомольская улица, 39","tall":false,"in_settlement":true,"in_core":false},"geometry":{"type":"Polygon","coordinates":[[[41.380522,54.943651],[41.380717,54.943751],[41.380841,54.943671],[41.380647,54.943571],[41.380522,54.943651]]]}},{"type":"Feature","properties":{"levels":1,"year":null,"src":"OSM","address":null,"tall":false,"in_settlement":true,"in_core":false},"geometry":{"type":"Polygon","coordinates":[[[41.380045,54.944051],[41.380127,54.944094],[41.380184,54.944058],[41.380101,54.944015],[41.380045,54.944051]]]}},{"type":"Feature","properties":{"levels":1,"year":null,"src":"OSM","address":"Комсомольская улица","tall":false,"in_settlement":true,"in_core":false},"geometry":{"type":"Polygon","coordinates":[[[41.380141,54.943944],[41.380272,54.944011],[41.380388,54.943936],[41.380258,54.943869],[41.380141,54.943944]]]}},{"type":"Feature","properties":{"levels":1,"year":null,"src":"OSM","address":"Комсомольская улица, 47","tall":false,"in_settlement":true,"in_core":false},"geometry":{"type":"Polygon","coordinates":[[[41.380256,54.943792],[41.380458,54.943902],[41.380561,54.943840],[41.380478,54.943795],[41.380435,54.943821],[41.380315,54.943756],[41.380256,54.943792]]]}},{"type":"Feature","properties":{"levels":1,"year":null,"src":"OSM","address":"Комсомольская улица, 51","tall":false,"in_settlement":true,"in_core":false},"geometry":{"type":"Polygon","coordinates":[[[41.379822,54.944125],[41.379954,54.944193],[41.38008,54.944113],[41.379947,54.944045],[41.379822,54.944125]]]}},{"type":"Feature","properties":{"levels":1,"year":null,"src":"OSM","address":null,"tall":false,"in_settlement":false,"in_core":false},"geometry":{"type":"Polygon","coordinates":[[[41.380285,54.944297],[41.380382,54.944350],[41.380447,54.944310],[41.380349,54.944258],[41.380285,54.944297]]]}},{"type":"Feature","properties":{"levels":2,"year":null,"src":"OSM","address":"Комсомольская улица, 35","tall":false,"in_settlement":true,"in_core":false},"geometry":{"type":"Polygon","coordinates":[[[41.380935,54.943404],[41.381105,54.943502],[41.381185,54.943456],[41.381016,54.943358],[41.380935,54.943404]]]}},{"type":"Feature","properties":{"levels":1,"year":null,"src":"OSM","address":null,"tall":false,"in_settlement":true,"in_core":false},"geometry":{"type":"Polygon","coordinates":[[[41.380770,54.943605],[41.380858,54.943654],[41.380919,54.943618],[41.380832,54.943569],[41.380770,54.943605]]]}},{"type":"Feature","properties":{"levels":1,"year":null,"src":"OSM","address":"Комсомольская улица, 37","tall":false,"in_settlement":true,"in_core":false},"geometry":{"type":"Polygon","coordinates":[[[41.380814,54.943545],[41.380933,54.943611],[41.381009,54.943566],[41.380890,54.943500],[41.380814,54.943545]]]}},{"type":"Feature","properties":{"levels":1,"year":null,"src":"OSM","address":null,"tall":false,"in_settlement":false,"in_core":false},"geometry":{"type":"Polygon","coordinates":[[[41.381488,54.943581],[41.381563,54.943623],[41.381623,54.943588],[41.381547,54.943546],[41.381488,54.943581]]]}},{"type":"Feature","properties":{"levels":1,"year":null,"src":"OSM","address":null,"tall":false,"in_settlement":false,"in_core":false},"geometry":{"type":"Polygon","coordinates":[[[41.381718,54.943436],[41.381774,54.943467],[41.381814,54.943444],[41.381758,54.943413],[41.381718,54.943436]]]}},{"type":"Feature","properties":{"levels":1,"year":null,"src":"OSM","address":"Комсомольская улица, 22","tall":false,"in_settlement":true,"in_core":false},"geometry":{"type":"Polygon","coordinates":[[[41.383192,54.942523],[41.383307,54.942587],[41.383352,54.942560],[41.383370,54.942570],[41.383398,54.942553],[41.383306,54.942502],[41.383294,54.942510],[41.383253,54.942487],[41.383192,54.942523]]]}},{"type":"Feature","properties":{"levels":1,"year":null,"src":"OSM","address":null,"tall":false,"in_settlement":true,"in_core":false},"geometry":{"type":"Polygon","coordinates":[[[41.384018,54.941603],[41.384103,54.941650],[41.384152,54.941620],[41.384068,54.941573],[41.384018,54.941603]]]}},{"type":"Feature","properties":{"levels":1,"year":null,"src":"OSM","address":"улица Нариманова, 15","tall":false,"in_settlement":true,"in_core":false},"geometry":{"type":"Polygon","coordinates":[[[41.404638,54.931749],[41.404769,54.931816],[41.405221,54.931520],[41.405089,54.931454],[41.404638,54.931749]]]}},{"type":"Feature","properties":{"levels":1,"year":null,"src":"OSM","address":"улица Губарева, 25","tall":false,"in_settlement":true,"in_core":false},"geometry":{"type":"Polygon","coordinates":[[[41.401199,54.931235],[41.401359,54.931329],[41.401485,54.931258],[41.401325,54.931164],[41.401199,54.931235]]]}},{"type":"Feature","properties":{"levels":1,"year":null,"src":"OSM","address":"улица Губарева, 54","tall":false,"in_settlement":true,"in_core":false},"geometry":{"type":"Polygon","coordinates":[[[41.406105,54.927702],[41.406236,54.927772],[41.406347,54.927704],[41.406216,54.927633],[41.406105,54.927702]]]}},{"type":"Feature","properties":{"levels":4,"year":1965,"src":"МКД (mingkh)","address":"улица Чижова, 12Б","tall":true,"in_settlement":true,"in_core":false},"geometry":{"type":"Polygon","coordinates":[[[41.408071,54.931310],[41.408235,54.931398],[41.408596,54.931176],[41.408433,54.931088],[41.408071,54.931310]]]}},{"type":"Feature","properties":{"levels":2,"year":null,"src":"OSM","address":"улица Фёдоровой, 53","tall":false,"in_settlement":false,"in_core":false},"geometry":{"type":"Polygon","coordinates":[[[41.413385,54.927968],[41.413900,54.928262],[41.413669,54.928397],[41.413873,54.928513],[41.414244,54.928296],[41.413538,54.927878],[41.413385,54.927968]]]}},{"type":"Feature","properties":{"levels":1,"year":null,"src":"OSM","address":"улица Ленина, 78","tall":false,"in_settlement":false,"in_core":false},"geometry":{"type":"Polygon","coordinates":[[[41.412985,54.930023],[41.413073,54.930072],[41.413245,54.929969],[41.413157,54.929920],[41.412985,54.930023]]]}},{"type":"Feature","properties":{"levels":2,"year":null,"src":"OSM","address":"Советская улица, 11","tall":false,"in_settlement":true,"in_core":true},"geometry":{"type":"Polygon","coordinates":[[[41.393479,54.938650],[41.393598,54.938572],[41.393805,54.938677],[41.393687,54.938753],[41.393479,54.938650]]]}},{"type":"Feature","properties":{"levels":2,"year":null,"src":"OSM","address":"Советская улица, 13","tall":false,"in_settlement":true,"in_core":true},"geometry":{"type":"Polygon","coordinates":[[[41.393687,54.938753],[41.393805,54.938677],[41.394161,54.938858],[41.394048,54.938932],[41.393687,54.938753]]]}},{"type":"Feature","properties":{"levels":2,"year":null,"src":"OSM","address":"улица Володарского, 35/6","tall":false,"in_settlement":false,"in_core":false},"geometry":{"type":"Polygon","coordinates":[[[41.394891,54.948641],[41.395280,54.948633],[41.395267,54.948424],[41.394878,54.948431],[41.394891,54.948641]]]}},{"type":"Feature","properties":{"levels":2,"year":1917,"src":"МКД (mingkh)","address":"улица Нариманова, 26","tall":false,"in_settlement":true,"in_core":false},"geometry":{"type":"Polygon","coordinates":[[[41.408853,54.932765],[41.409042,54.932659],[41.409191,54.932742],[41.409012,54.932852],[41.408853,54.932765]]]}},{"type":"Feature","properties":{"levels":2,"year":1916,"src":"МКД (mingkh)","address":"улица Нариманова, 28","tall":false,"in_settlement":true,"in_core":false},"geometry":{"type":"Polygon","coordinates":[[[41.409119,54.932896],[41.409306,54.932773],[41.409467,54.932857],[41.409280,54.932980],[41.409119,54.932896]]]}},{"type":"Feature","properties":{"levels":2,"year":1917,"src":"МКД (mingkh)","address":"улица Карла Маркса, 8","tall":false,"in_settlement":true,"in_core":true},"geometry":{"type":"Polygon","coordinates":[[[41.393139,54.940213],[41.393390,54.940337],[41.393494,54.940268],[41.393422,54.940232],[41.393477,54.940195],[41.393298,54.940107],[41.393139,54.940213]]]}},{"type":"Feature","properties":{"levels":3,"year":2013,"src":"МКД (mingkh)","address":"улица Нариманова, 21","tall":false,"in_settlement":true,"in_core":false},"geometry":{"type":"Polygon","coordinates":[[[41.405638,54.931911],[41.405785,54.931991],[41.405979,54.931874],[41.405833,54.931794],[41.405638,54.931911]]]}}]}